source,3.1507561351698385e-126,1
fake,1.2282121844475138e-117,1
false,2.294243007050835e-105,1
insider,8.059071279853288e-100,1
origin,1.100214357817885e-74,1
faux,2.4483683582326794e-72,1
sham,3.782487866502993e-71,1
simulated,8.46948243605271e-71,1
imitation,1.1104860882057487e-69,1
informant,7.55734427319159e-63,1
generator,4.010852609010595e-62,1
rootage,6.333618010716036e-62,1
reservoir,6.333618010716036e-62,1
germ,6.333618010716036e-62,1
root,1.857673480274851e-61,1
author,5.110277528039404e-60,1
woods,1.764669382018902e-50,1
seed,2.7041960782099554e-50,1
store,3.9969853519954095e-49,1
report,1.3928302351103753e-48,1
staged,7.071927879052673e-45,1
reported,2.5369947413284814e-44,1
denial,4.809406609737862e-44,1
statement,5.220489678113792e-44,1
counterfeit,4.939865823502271e-43,1
impostor,1.2335543294990154e-42,1
shammer,2.7132884350971252e-42,1
faker,2.7132884350971252e-42,1
imposter,2.7132884350971252e-42,1
pretender,2.7132884350971252e-42,1
phoney,2.7132884350971252e-42,1
juke,2.7132884350971252e-42,1
talk_through_ones_hat,2.7132884350971252e-42,None
misrepresent,2.7132884350971252e-42,1
pseud,2.7132884350971252e-42,1
wangle,2.7132884350971252e-42,1
pseudo,2.7132884350971252e-42,1
postiche,2.7132884350971252e-42,1
falsify,2.7132884350971252e-42,1
bull,4.534203739964282e-42,1
role_player,5.5096657306898325e-42,1
bogus,7.132435881109974e-42,1
bastard,2.177596121810298e-41,1
fudge,4.0555228845931477e-41,1
phony,8.864180210129585e-41,1
bullshit,3.002091664878992e-39,1
brad,8.977156514792935e-39,1
lay_claim,9.342640542934094e-38,1
arrogate,1.303171428689206e-37,1
reference,1.5233243781907034e-37,1
paper,9.943932274793525e-37,1
manipulate,1.3960314152520906e-36,1
debunking,5.2440670969852546e-36,1
evidence,1.9715597210100812e-34,1
fraud,2.221849741059471e-34,1
title,1.4122642408827116e-33,1
shop,2.0448084012642943e-33,1
stock,2.3966511568414344e-33,1
cook,4.533174611665044e-33,1
describe,3.767868131017127e-32,1
website,7.232119506253161e-31,1
want,3.3690117017546e-30,1
debunk,3.5569193576049115e-30,1
theme,5.836041649685144e-30,1
expose,2.2115237512968762e-29,1
journal,7.529833990544456e-29,1
pretended,8.060479194675773e-29,1
president,1.0290484033357174e-28,1
traitorously,1.1474848906074815e-28,1
fictive,1.1474848906074815e-28,1
fictitious,1.1474848906074815e-28,1
treasonably,1.1474848906074815e-28,1
delusive,1.1474848906074815e-28,1
treacherously,1.1474848906074815e-28,1
faithlessly,1.1474848906074815e-28,1
offkey,1.1474848906074815e-28,None
islam,2.597520982191113e-28,1
islamism,2.597520982191113e-28,None
muslimism,2.597520982191113e-28,None
islam,2.597520982191113e-28,1
mohammedanism,2.597520982191113e-28,None
muhammadanism,2.597520982191113e-28,None
untrue,3.415887005351811e-28,1
assumed,1.2773293477664496e-27,1
mistaken,2.9545898711503132e-27,1
obvious,6.6118568807394e-27,1
their,1.9157975343831406e-26,1
composition,7.673871811347134e-26,1
explain,2.4236034472380663e-25,1
pipeline,4.217322683603483e-25,1
may,1.982879159869869e-24,1
give_away,5.144365411388356e-24,1
radar,9.42027707353377e-24,1
volunteer,2.437975191211363e-22,1
proffer,6.375081774769168e-22,1
offer_up,6.375081774769168e-22,1
amazon,6.386347038950442e-22,1
desire,7.758521623615036e-22,1
recount,9.104438616337735e-22,1
claims,1.3447555732209206e-21,1
command,3.376577314792576e-21,1
tender,4.0958637958479384e-21,1
financial_statement,5.5866844096717145e-21,1
program_line,5.5866844096717145e-21,1
affirmation,5.5866844096717145e-21,1
sour,9.637237724577702e-21,1
put_on,1.3568445936093402e-20,1
offer,1.4768096784897274e-20,1
narrate,2.185161397477551e-20,1
campus,2.9125189758638955e-20,1
nightly,2.9125189758638955e-20,1
recite,3.961736027085039e-20,1
assertion,5.003336784404299e-20,1
tom,8.236212873260315e-20,1
trying,1.572164102274113e-19,1
life,1.8136343202678466e-19,1
secret,2.4222344018999105e-19,1
comment,2.454641777413106e-19,1
plainly,3.338637282006979e-19,1
memory,5.234312765117035e-19,1
open,6.449091578577761e-19,1
wants,8.064989492288565e-19,1
moslem,8.136086150077176e-19,None
muslim,8.136086150077176e-19,None
stated,8.276427528246413e-19,1
neediness,9.012856178177574e-19,1
deficiency,9.012856178177574e-19,1
privation,9.012856178177574e-19,1
reporter,9.358701914999712e-19,1
wishing,1.1574078750969298e-18,1
deprivation,1.2883841377047808e-18,1
marriage,1.7020125108404581e-18,1
wedding,1.8556550517632088e-18,1
demurrer,2.170971540305459e-18,1
defence,2.6351059623940925e-18,1
wrong,8.987614383208523e-18,1
lack,9.884215518708634e-18,1
written_report,1.7397393019174332e-17,1
report_card,2.079542217196028e-17,1
reputation,2.6520616674363272e-17,1
quote,2.8329577811777926e-17,1
noted,3.6743214196121014e-17,1
camera,4.126415622197839e-17,1
champion,7.591201720750603e-17,1
actor,1.0472761367413303e-16,1
exclusively,1.3830258517701334e-16,1
selena,1.4871560695944424e-16,1
justin,1.7500735866443848e-16,1
illegal,1.8161940458492036e-16,1
original,2.494029174991422e-16,1
email,4.629085251792335e-16,1
site,6.696876210556799e-16,1
regulate,7.651313536791796e-16,1
reportedly,8.97299769321513e-16,1
shes,9.896836848399605e-16,1
issued,1.0587618190305798e-15,1
physical,1.803540434514859e-15,1
islamic,2.500660915605765e-15,None
divorce,4.455242315703344e-15,1
rep,5.191889947838611e-15,1
star,5.33497716892112e-15,1
explicate,6.560918853691908e-15,1
certify,2.269274836310845e-14,1
manifest,2.269274836310845e-14,1
instruction,2.5652913634166202e-14,1
dollar,2.587279171483779e-14,1
sex,2.8313624930452794e-14,1
mysterious,3.0243246252019806e-14,1
defense,3.364935626722627e-14,1
allegedly,3.5440166300928196e-14,1
attest,5.247333294551222e-14,1
marriage_ceremony,6.901233062200919e-14,1
prima,6.920781611700634e-14,1
declare_oneself,8.954671985214759e-14,1
pop_the_question,8.954671985214759e-14,1
be_after,9.128995701060183e-14,1
stellar,1.0233167475193153e-13,1
culture_medium,1.094516808964454e-13,1
metier,1.094516808964454e-13,1
spiritualist,1.094516808964454e-13,1
mass_medium,1.094516808964454e-13,1
design,1.3569648341222168e-13,1
media,1.560751368067245e-13,1
clearly,1.871026590612448e-13,1
starring,1.9867410974720972e-13,1
fbi,2.555650168223954e-13,1
federal_bureau_of_investigation,2.555650168223954e-13,None
fbi,2.555650168223954e-13,1
sensitive,2.8994129183087647e-13,1
spy,4.3487474211838307e-13,1
apparently,5.206697699903943e-13,1
private,5.226680853738942e-13,1
reveal,5.538111194450819e-13,1
provide,7.811981823266276e-13,1
kanye,8.804768346588352e-13,1
telling,9.770493325646295e-13,1
plan,9.846645174807274e-13,1
clean,1.5232748324590402e-12,1
web_site,1.8410137619217913e-12,1
internet_site,1.8410137619217913e-12,1
club,2.8300278171914984e-12,1
robert,4.0771520479644905e-12,1
robert,4.0771520479644905e-12,1
henry_m_robert,4.0771520479644905e-12,None
henry_martyn_robert,4.0771520479644905e-12,None
gossip,4.214426115275886e-12,1
nothing,6.308000581357776e-12,1
crataegus_oxycantha,7.799014927658753e-12,None
whitethorn,7.799014927658753e-12,1
english_hawthorn,7.799014927658753e-12,None
may,7.799014927658753e-12,1
crataegus_laevigata,7.799014927658753e-12,None
fund,8.92888086510648e-12,1
gender,1.1145897973022363e-11,1
these,1.141565317844401e-11,1
netmail,1.1528742968656966e-11,1
electronic_mail,1.1528742968656966e-11,1
email,1.1528742968656966e-11,1
offered,1.4000016088127082e-11,1
white,1.9299454521307942e-11,1
god,2.11415544149464e-11,1
adjudicate,2.2438202247349865e-11,1
revealed,2.679359484064571e-11,1
uncover,2.679359484064571e-11,1
rich,2.83277291366496e-11,1
offering,3.168423361719152e-11,1
scuttlebutt,3.5773266944929974e-11,1
wall,4.2982723292547634e-11,1
spread,4.543906711907218e-11,1
famous,4.578070630616225e-11,1
alleged,5.158621924081567e-11,1
unveil,5.1927788507258234e-11,1
excuse,5.830487934049402e-11,1
notable,7.359658715600251e-11,1
loose,8.130671241234624e-11,1
dead,8.732619539202875e-11,1
grounds,8.836582420451991e-11,1
friend,9.028206491452568e-11,1
sources,9.156876584699203e-11,1
speech_sound,9.195810688343769e-11,1
architectural_plan,9.621888609275275e-11,1
hillary,1.094029581756809e-10,1
sir_edmund_hillary,1.094029581756809e-10,None
hillary,1.094029581756809e-10,1
edmund_hillary,1.094029581756809e-10,None
sir_edmund_percival_hillary,1.094029581756809e-10,None
holiday,1.1152557686753214e-10,1
scenery,1.1488250894214809e-10,1
conniption,1.1488250894214809e-10,1
tantrum,1.229816070968616e-10,1
undefended,1.8059136893851872e-10,1
undefendable,1.8059136893851872e-10,1
hearttoheart,1.8059136893851872e-10,None
outofdoors,1.8059136893851872e-10,None
spread_out,1.8059136893851872e-10,1
unfastened,1.8059136893851872e-10,1
overt,1.8059136893851872e-10,1
undetermined,1.8059136893851872e-10,1
open_air,1.8059136893851872e-10,1
open_up,1.8059136893851872e-10,1
assailable,1.8059136893851872e-10,1
receptive,1.8255745590531084e-10,1
unresolved,1.8255745590531084e-10,1
undecided,1.8255745590531084e-10,1
worker,2.189236006058464e-10,1
twitter,2.277097845145485e-10,1
remark,2.478811638944668e-10,1
doer,2.5054567752886297e-10,1
faulty,2.8076263495599076e-10,1
tom_turkey,2.81723251798325e-10,1
uncle_tom,2.81723251798325e-10,None
turkey_cock,2.81723251798325e-10,1
tom,2.81723251798325e-10,1
gobbler,2.81723251798325e-10,1
tomcat,2.81723251798325e-10,1
famed,2.846071423447989e-10,1
phone,2.932450276770438e-10,1
unfold,2.988262511463038e-10,1
street,2.9944010080231053e-10,1
advertising,3.2743828823591295e-10,1
outdoors,3.29754388519715e-10,1
mystery,4.232856629705574e-10,1
exposed,4.8815814657863e-10,1
standard,4.8815814657863e-10,1
surface,4.882032873279533e-10,1
incorrect,5.785658316654899e-10,1
angelina,5.97383233147483e-10,1
nerveracking,6.138363956935913e-10,None
nervewracking,6.138363956935913e-10,None
ordering,6.781132656777698e-10,1
maven,7.259498399986057e-10,1
renowned,7.343565698851681e-10,1
totality,7.972364025543845e-10,1
aggregate,7.972364025543845e-10,1
told,9.089791606385978e-10,1
superstar,9.195414958080717e-10,1
stressful,9.291822979580619e-10,1
such,9.374890550486366e-10,1
whizz,1.0237912238441847e-09,1
star_topology,1.0237912238441847e-09,1
mavin,1.0237912238441847e-09,1
whiz,1.0237912238441847e-09,1
hotshot,1.0237912238441847e-09,1
headliner,1.0237912238441847e-09,1
asterisk,1.0237912238441847e-09,1
kim,1.0379319962868331e-09,1
taylor,1.0716420018593701e-09,1
joseph_deems_taylor,1.0716420018593701e-09,None
elizabeth_taylor,1.0716420018593701e-09,None
taylor,1.0716420018593701e-09,1
zachary_taylor,1.0716420018593701e-09,None
president_taylor,1.0716420018593701e-09,None
deems_taylor,1.0716420018593701e-09,None
rules_of_order,1.0944616618330142e-09,1
edict,1.0944616618330142e-09,1
order,1.0944616618330142e-09,1
ordain,1.0944616618330142e-09,1
parliamentary_procedure,1.0944616618330142e-09,1
ordination,1.0944616618330142e-09,1
dictate,1.0944616618330142e-09,1
regularise,1.0944616618330142e-09,1
fiat,1.0944616618330142e-09,1
rescript,1.0944616618330142e-09,1
prescribe,1.0944616618330142e-09,1
order_of_magnitude,1.0944616618330142e-09,1
purchase_order,1.0944616618330142e-09,1
parliamentary_law,1.0944616618330142e-09,1
holy_order,1.0944616618330142e-09,None
monastic_order,1.0944616618330142e-09,1
ordinate,1.0944616618330142e-09,1
regularize,1.0944616618330142e-09,1
undercover,1.131033104792595e-09,1
test,1.1584646212043634e-09,1
illustrious,1.1656327205189942e-09,1
farfamed,1.1656327205189942e-09,None
ad,1.1987446541738423e-09,1
improper,1.310177607620008e-09,1
genius,1.3678168587912641e-09,1
wizard,1.3678168587912641e-09,1
virtuoso,1.3678168587912641e-09,1
earpiece,1.5192753418784724e-09,1
celebrated,1.5221095236181982e-09,1
propose,1.7546172043275203e-09,1
orderliness,1.8292441743122296e-09,1
deep,1.893614711994272e-09,1
due,2.019524325825208e-09,1
cipher,2.1415727681741343e-09,1
cypher,2.1415727681741343e-09,1
wiz,2.180684147171364e-09,1
haywire,2.2088901850029167e-09,1
illtimed,2.2088901850029167e-09,None
wrongfulness,2.2088901850029167e-09,1
legal_injury,2.2088901850029167e-09,1
amiss,2.2088901850029167e-09,1
awry,2.2088901850029167e-09,1
unseasonable,2.2088901850029167e-09,1
untimely,2.2088901850029167e-09,1
disclose,2.4266339369364337e-09,1
divulge,2.5719595750479766e-09,1
unwrap,2.6462145367697134e-09,1
let_out,2.6462145367697134e-09,1
let_on,2.6462145367697134e-09,1
candid,3.0555758914383012e-09,1
sole,3.125685393799095e-09,1
excite,3.1275027780857454e-09,1
lifetime,3.175717644984971e-09,1
essay,3.832362648171031e-09,1
habit,4.367029988992228e-09,1
sign_up,4.626871796112746e-09,1
sign_on,4.626871796112746e-09,1
mike,4.9983397412733374e-09,1
medium,5.812938400717933e-09,1
aliveness,5.9871915879519845e-09,1
animation,5.9871915879519845e-09,1
programme,6.148718983735983e-09,1
friend,6.210604592895716e-09,1
acquaintance,6.210604592895716e-09,1
quaker,6.210604592895716e-09,None
seek,6.276255718057085e-09,1
wrongly,6.590432804352157e-09,1
light,7.094512661949644e-09,1
breed,7.2404511658092096e-09,1
confidential,7.641837673597441e-09,1
decide,7.8820148161897e-09,1
try_out,1.023260563174941e-08,1
obviously,1.0338664299758135e-08,1
newspaper,1.1499830184675425e-08,1
betray,1.2606498018277633e-08,1
surround,1.2939948909250704e-08,1
parentage,1.3062425647544909e-08,1
archetype,1.3392057076765082e-08,1
master_copy,1.3392057076765082e-08,1
queer,1.3981439972972301e-08,1
employment,1.4148445522108407e-08,1
sample,1.4793239515697207e-08,1
williams,1.653472951000202e-08,1
tennessee_williams,1.653472951000202e-08,None
hiram_king_williams,1.653472951000202e-08,None
bernard_arthur_owen_williams,1.653472951000202e-08,None
thomas_lanier_williams,1.653472951000202e-08,None
william_carlos_williams,1.653472951000202e-08,None
roger_williams,1.653472951000202e-08,None
sir_bernard_williams,1.653472951000202e-08,None
theodore_samuel_williams,1.653472951000202e-08,None
hank_williams,1.653472951000202e-08,None
hiram_williams,1.653472951000202e-08,None
williams,1.653472951000202e-08,1
ted_williams,1.653472951000202e-08,None
tot,1.8185891801334623e-08,1
denounce,1.8207055929285633e-08,1
incorrectly,1.8744303274044695e-08,1
market,1.9359693676696167e-08,1
setting,2.0554903052222337e-08,1
assay,2.1679053596776188e-08,1
terrorist,2.4008986224948276e-08,1
partake_in,2.444704268042912e-08,1
partake,2.444704268042912e-08,1
leading,2.4648754003224974e-08,1
received,2.5066237349424997e-08,1
tot_up,2.5123778680006017e-08,1
add_together,2.5123778680006017e-08,1
summate,2.5123778680006017e-08,1
tote_up,2.5123778680006017e-08,1
sum_up,2.5123778680006017e-08,1
stress,2.629853196771885e-08,1
try_on,2.7969040810943418e-08,1
pilot,2.8475008499130514e-08,1
taste,2.9293927974742977e-08,1
kylie,3.1068848489314426e-08,1
capable,3.486571131696665e-08,1
font,3.4982143780279867e-08,1
several,3.9911031112045736e-08,1
earphone,4.335385836597019e-08,1
telephone_set,4.335385836597019e-08,1
headphone,4.335385836597019e-08,1
admirer,4.70439483564757e-08,1
booster,4.70439483564757e-08,1
protagonist,4.70439483564757e-08,1
descent,4.8292347468169855e-08,1
bloodline,4.889062718747695e-08,1
point_out,5.015373733355534e-08,1
annotate,5.015373733355534e-08,1
entrance,5.0412700664261984e-08,1
program,5.35945357669682e-08,1
contrive,5.3879173116440846e-08,1
blood,5.422555263418038e-08,1
repp,6.148829734410948e-08,1
making,6.19472285834892e-08,1
opened,6.336624219820485e-08,1
crude,6.376416299107588e-08,1
fount,7.143609804750266e-08,1
typeface,7.143609804750266e-08,1
declared,7.153596861370392e-08,1
line_of_descent,7.604041307621585e-08,1
blood_line,7.604041307621585e-08,1
lineage,7.604041307621585e-08,1
stemma,7.604041307621585e-08,1
pedigree,7.604041307621585e-08,1
ancestry,7.604041307621585e-08,1
zero,8.196631863698876e-08,1
grab,8.290765251146462e-08,1
fox,8.301242690773339e-08,1
settle,8.315642613380523e-08,1
kris,8.32640893141588e-08,1
rather,8.468146326019889e-08,1
using,9.448564549172958e-08,1
based,9.448564549172958e-08,1
ally,9.91234729975496e-08,1
commentary,1.0369482218575945e-07,1
input,1.0687119148780868e-07,1
gloss,1.0687119148780868e-07,1
newsman,1.2284872999598447e-07,1
sprightliness,1.248379541553461e-07,1
life_story,1.248379541553461e-07,1
lifetime,1.248379541553461e-07,1
liveliness,1.248379541553461e-07,1
life_sentence,1.248379541553461e-07,1
make_up_ones_mind,1.3168248062235846e-07,None
sexuality,1.3476533563476702e-07,1
biography,1.3971650415867405e-07,1
scandal,1.4150249202730705e-07,1
sexual,1.4150249202730705e-07,1
fling,1.5538445803677097e-07,1
lifespan,1.5634351022172724e-07,1
plans,1.714459767020966e-07,1
newsperson,1.932232508716256e-07,1
criminal,1.996594814076772e-07,1
gild,2.066161375299491e-07,1
social_club,2.066161375299491e-07,1
microsoft,2.1047275912152332e-07,1
learned,2.1057233632910278e-07,1
planning,2.3918134745494147e-07,1
recently,2.4192918801137276e-07,1
turn_on,2.6646283708317153e-07,1
lady,2.686650795697696e-07,1
guild,2.76119900283656e-07,1
during,2.849755295348285e-07,1
friends,2.898282099300374e-07,1
recounting,3.046920628084368e-07,1
parcel,3.173214193314561e-07,1
plowshare,3.173214193314561e-07,1
ploughshare,3.173214193314561e-07,1
thespian,3.277711958675031e-07,1
reports,4.0088409046122113e-07,1
estimate,4.248875617804102e-07,1
accurate,4.3166173664206266e-07,1
relation,4.3459513777684126e-07,1
fear,4.430224134452617e-07,1
body,4.899042734809756e-07,1
all_in,4.919473245377298e-07,1
bushed,4.919473245377298e-07,1
histrion,5.130075348657747e-07,1
one_dollar_bill,5.310086346888014e-07,1
clam,5.310086346888014e-07,1
dollar_mark,5.310086346888014e-07,1
dollar_bill,5.310086346888014e-07,1
dollar_sign,5.310086346888014e-07,1
caught,5.315812484392234e-07,1
take_hold_of,5.315812484392234e-07,1
enamor,5.315812484392234e-07,1
catch_up_with,5.315812484392234e-07,1
beguile,5.315812484392234e-07,1
captivate,5.315812484392234e-07,1
enchant,5.315812484392234e-07,1
overhear,5.315812484392234e-07,1
fascinate,5.315812484392234e-07,1
enamour,5.315812484392234e-07,1
trance,5.315812484392234e-07,1
becharm,5.315812484392234e-07,1
bewitch,5.315812484392234e-07,1
addition,6.369503537553341e-07,1
unclouded,6.841914598931e-07,1
light_up,6.841914598931e-07,1
supposed,7.327537955131611e-07,1
apprisal,8.085763289404157e-07,1
cogent,8.085763289404157e-07,1
notification,8.085763289404157e-07,1
telltale,8.085763289404157e-07,1
weighty,8.182284746063151e-07,1
charm,8.232673472499883e-07,1
enjoyment,8.950881111850944e-07,1
utilisation,8.950881111850944e-07,1
use_of_goods_and_services,8.950881111850944e-07,1
utilization,8.950881111850944e-07,1
usance,8.950881111850944e-07,1
economic_consumption,8.950881111850944e-07,1
manipulation,8.950881111850944e-07,1
illuminate,9.625530354266968e-07,1
fill_up,9.8179208264787e-07,1
nix,1.0113310232250058e-06,1
idle,1.0115953667683187e-06,1
should,1.1439644342002906e-06,1
consumption,1.2352397250856495e-06,1
food,1.3090314314018776e-06,1
huge,1.3329370034950754e-06,1
nbc,1.3400533850436744e-06,1
nerve,1.3766848152294061e-06,1
jennifer,1.4236440854244384e-06,1
overtake,1.453111631048225e-06,1
aught,1.5303097296291098e-06,1
goose_egg,1.5303097296291098e-06,1
zippo,1.5303097296291098e-06,1
zilch,1.5303097296291098e-06,1
naught,1.5303097296291098e-06,1
null,1.5303097296291098e-06,1
plain,1.9017769502458579e-06,1
vacation,1.9812580970941307e-06,1
cheek,2.068293764289185e-06,1
quotation,2.087039759595506e-06,1
revealing,2.095700135768096e-06,1
citation,2.102800899723328e-06,1
damage,2.105494564955975e-06,1
nil,2.245627503541389e-06,1
usage,2.7281250886925267e-06,1
prince,2.7437103939521904e-06,1
church,3.1754455077457538e-06,1
human_face,3.1757223598906787e-06,1
grimace,3.1757223598906787e-06,1
face_up,3.1757223598906787e-06,1
boldness,3.1757223598906787e-06,1
kinda,3.211648920403283e-06,1
filled,3.266455781126095e-06,1
nada,3.2687609053528387e-06,1
socalled,3.328959984936146e-06,None
longer,3.3749122908877146e-06,1
fall_out,4.009040606881915e-06,1
foundation,4.256400113928074e-06,1
shell,4.280332864626821e-06,1
brass,4.647627485209915e-06,1
welcome,4.749478567239437e-06,1
nuptials,4.903445159771283e-06,1
michael,4.9744774963469685e-06,1
michael,4.9744774963469685e-06,1
instead,5.0371729729010385e-06,1
kind_of,5.158360839296503e-06,1
sort_of,5.158360839296503e-06,1
preferably,5.158360839296503e-06,1
seemingly,5.288303083142317e-06,1
men,5.5790835349618324e-06,1
tweed,5.699623004379351e-06,1
come_forth,5.847717696900909e-06,1
egress,5.847717696900909e-06,1
investigation,5.991689259410349e-06,1
livid,6.003635507833076e-06,1
gabardine,6.003635507833076e-06,1
snowy,6.003635507833076e-06,1
patrick_victor_martindale_white,6.003635507833076e-06,None
whiteness,6.003635507833076e-06,1
andrew_dickson_white,6.003635507833076e-06,None
edward_douglas_white_jr,6.003635507833076e-06,None
edward_white,6.003635507833076e-06,None
edward_d_white,6.003635507833076e-06,None
egg_white,6.003635507833076e-06,1
whiten,6.003635507833076e-06,1
t_h_white,6.003635507833076e-06,None
e_b_white,6.003635507833076e-06,None
white_river,6.003635507833076e-06,None
flannel,6.003635507833076e-06,1
stanford_white,6.003635507833076e-06,None
whitened,6.003635507833076e-06,1
patrick_white,6.003635507833076e-06,None
ovalbumin,6.003635507833076e-06,1
white_person,6.003635507833076e-06,None
albumen,6.003635507833076e-06,1
white,6.003635507833076e-06,1
lilywhite,6.003635507833076e-06,None
theodore_harold_white,6.003635507833076e-06,None
elwyn_brooks_white,6.003635507833076e-06,None
whitehot,6.003635507833076e-06,None
caucasian,6.003635507833076e-06,None
ashen,6.003635507833076e-06,1
andrew_d_white,6.003635507833076e-06,None
conclude,6.373644411644354e-06,1
blank,6.445691598332246e-06,1
wont,7.212885438277739e-06,1
blanched,7.630497356182246e-06,1
bloodless,7.630497356182246e-06,1
impressive,7.899730297037796e-06,1
drug,8.553101100628497e-06,1
social,8.626626854597898e-06,1
queen,9.699710211921018e-06,1
field,9.948862935592681e-06,1
hidden,1.1303460140821396e-05,1
wedding_party,1.2359353800543078e-05,1
wedding_ceremony,1.2359353800543078e-05,1
hymeneals,1.2359353800543078e-05,1
husband,1.3165571644344108e-05,1
tangible,1.584710526444736e-05,1
literal,1.584710526444736e-05,1
veridical,1.7584152861047838e-05,1
real_number,1.7584152861047838e-05,1
existent,1.7584152861047838e-05,1
spousal_relationship,1.7831211779744453e-05,1
matrimony,1.7831211779744453e-05,1
chitter,1.9013057264755335e-05,1
chirrup,1.9013057264755335e-05,1
emerge,1.9508590942404382e-05,1
wife,2.0334500473919762e-05,1
pass_off,2.0612131985127544e-05,1
hap,2.0612131985127544e-05,1
take_place,2.0612131985127544e-05,1
come_about,2.0612131985127544e-05,1
hollywood,2.086086811451384e-05,1
idol,2.1031092625470945e-05,1
doesnt,2.285135172067959e-05,1
decree,2.5862392602812403e-05,1
exclusive,2.6382304543577716e-05,1
intimate,2.7777909543909524e-05,1
cheeseparing,2.812496583979586e-05,1
pennypinching,2.812496583979586e-05,None
player,2.8548188622751524e-05,1
hollywood,3.204026871435111e-05,1
constitution,3.204026871435111e-05,1
govern,3.246129572546289e-05,1
trip_up,3.5761473530556053e-05,1
materialise,3.585873359826595e-05,1
befall,3.585873359826595e-05,1
bechance,3.585873359826595e-05,1
imputable,3.695111516118646e-05,1
ascribable,3.695111516118646e-05,1
referable,3.695111516118646e-05,1
step,4.0959765295775324e-05,1
confront,4.115236371336502e-05,1
shut,4.115236371336502e-05,1
spoke,4.52195626615054e-05,1
skinny,4.5572960594140876e-05,1
materialize,4.739467385495362e-05,1
speaking,4.9808314539794176e-05,1
suddenly,5.070095146839503e-05,1
determined,5.193060728771748e-05,1
william_tell,5.617477711029057e-05,None
tell,5.617477711029057e-05,1
advert,5.854787567915073e-05,1
wedlock,6.904224512539452e-05,1
vindicated,7.178493712559505e-05,1
musical_theme,7.360214655817124e-05,1
approximation,7.360214655817124e-05,1
melodic_theme,7.360214655817124e-05,1
estimation,7.360214655817124e-05,1
exonerated,7.752989886784318e-05,1
rapper,7.960222265464812e-05,1
claimed,8.075150581402283e-05,1
abruptly,8.468165483521047e-05,1
locate,9.28685329291061e-05,1
hubby,9.420999449298038e-05,1
investigating,9.955898249355401e-05,1
numb,0.00010449076675924924,1
stagnant,0.00010449076675924924,1
authorize,0.00010748516538047034,1
authorise,0.00011290231452837998,1
la,0.00011535286108370979,1
kardashian,0.00011686789227225984,1
motility,0.00011760706276804932,1
force,0.00011872815411530187,1
cleared,0.00013517319770482272,1
respective,0.0001408940466826464,1
confuse,0.00014415155502325638,1
deadened,0.00014418592090353338,1
faithful,0.00014424326847480424,1
fold,0.00014424326847480424,1
perch,0.00014682192421694,1
confound,0.00014844735415410346,1
dodger,0.00014844735415410346,1
tightlipped,0.00015097083108829348,1
absolutely,0.00015237268223497181,1
percipient,0.00015931696232476345,1
straighten_out,0.00015931696232476345,1
assoil,0.00015931696232476345,1
clearcut,0.00015931696232476345,None
decipherable,0.00015931696232476345,1
exculpated,0.00015931696232476345,1
crystallize,0.00015931696232476345,1
crystalise,0.00015931696232476345,1
brighten,0.00015931696232476345,1
elucidate,0.00015931696232476345,1
exonerate,0.00015931696232476345,1
unclutter,0.00015931696232476345,1
all_the_way,0.00015931696232476345,1
clear_up,0.00015931696232476345,1
exculpate,0.00015931696232476345,1
sack_up,0.00015931696232476345,1
unmortgaged,0.00015931696232476345,1
enlighten,0.00015931696232476345,1
shed_light_on,0.00015931696232476345,1
crystallise,0.00015931696232476345,1
crystalize,0.00015931696232476345,1
cleancut,0.00015931696232476345,None
absolved,0.00015931696232476345,1
readable,0.00015931696232476345,1
welldefined,0.00015931696232476345,None
utterly,0.0001636591689478066,1
relocation,0.00017419919126088933,1
perfectly,0.0001840224303655388,1
drained,0.0001888561212932673,1
released,0.0001913986262759157,1
old,0.00019447172771339444,1
sureenough,0.00019447172771339444,None
honesttogoodness,0.00019447172771339444,None
honesttogod,0.00019447172771339444,None
hair,0.00020832798777961736,1
closing_curtain,0.00020935048537590637,1
come_together,0.00020935048537590637,1
stuffy,0.00020935048537590637,1
confining,0.00020935048537590637,1
unaired,0.00020935048537590637,1
snug,0.00020935048537590637,1
closefitting,0.00020935048537590637,None
airless,0.00020935048537590637,1
shut_down,0.00020935048537590637,1
closemouthed,0.00020935048537590637,1
closelipped,0.00020935048537590637,1
close_down,0.00020935048537590637,1
qualification,0.00021281736382656753,1
devising,0.00021281736382656753,1
flimflam,0.0002199685241337743,None
play_a_joke_on,0.0002199685241337743,1
bedevil,0.0002199685241337743,1
pull_a_fast_one_on,0.0002199685241337743,1
discombobulate,0.0002199685241337743,1
fox,0.0002199685241337743,1
fuddle,0.0002199685241337743,1
charles_james_fox,0.0002199685241337743,None
befuddle,0.0002199685241337743,1
fob,0.0002199685241337743,1
play_tricks,0.0002199685241337743,1
george_fox,0.0002199685241337743,None
slyboots,0.0002199685241337743,1
play_a_trick_on,0.0002199685241337743,1
seen,0.00022832951104927328,1
victimisation,0.0002337787206996996,1
exploitation,0.0002337787206996996,1
freebase,0.0002337787206996996,None
signed,0.0002343999032606572,1
daily,0.00024614651966848786,1
arise,0.000261731709056373,1
uprise,0.00026866809876431136,1
spring_up,0.00026866809876431136,1
fashioning,0.0002752538251401302,1
secretive,0.0002756722113304686,1
himself,0.0002826369090331679,1
various,0.0002889023722276955,1
2014,0.00031323660530757066,1
sister,0.00031859197091246426,1
vista,0.00033267917545917736,1
victimization,0.0003346953767364131,1
saudi,0.0003526537461162168,1
saudi,0.0003526537461162168,1
saudi_arabian,0.0003526537461162168,None
saudiarabian,0.0003526537461162168,None
happened,0.0003776936859032505,1
replete,0.0003783424548750753,1
crease,0.0003783424548750753,1
dose,0.0004127043859242774,1
pregnant,0.0004127043859242774,1
quit,0.0004313011924701191,1
panorama,0.0004421116101697002,1
import,0.0004590615311772028,1
facebook,0.0005251130023982342,1
traverse,0.000536174713790335,1
of_late,0.0005493522189103548,1
latterly,0.0005493522189103548,1
probe,0.0005607195272896029,1
advice,0.0005607195272896029,1
further,0.000576104215042758,1
do_drugs,0.000576104215042758,1
knowing,0.000578848747444632,1
article,0.000647291696309124,1
institution,0.0006631061922712157,1
basis,0.0006631061922712157,1
anyone,0.0006913991628542787,1
accession,0.0007676286656051554,1
impress,0.0007845666408990438,1
crook,0.0008221390391307658,1
fired,0.0008232166049095266,1
healthy,0.0008807524105791999,1
take_note,0.0008943466180683894,1
spoil,0.000958888941993036,1
respite,0.0009600767027904655,1
formerly,0.000969001717377537,1
serving,0.0009872378702295125,1
decided,0.0009969562381733383,1
lashkaretayyiba,0.0010114715449723382,None
net_ball,0.0010114715449723382,1
army_of_the_pure,0.0010114715449723382,None
lashkaretaiba,0.0010114715449723382,None
army_of_the_righteous,0.0010114715449723382,None
let,0.0010114715449723382,1
lashkaretoiba,0.0010114715449723382,None
deny,0.0010511088731928392,1
innovation,0.0010650729741394918,1
trial,0.0010781381151424819,1
seems,0.0010995730762526608,1
bearing,0.0011142889170158742,1
babe,0.0011932861784059666,1
infant,0.0012517523386438513,1
precious,0.001303493014645429,1
cosset,0.001312991855077054,1
mollycoddle,0.001312991855077054,1
featherbed,0.001312991855077054,1
pamper,0.001312991855077054,1
coddle,0.001312991855077054,1
buck_private,0.001312991855077054,1
common_soldier,0.001312991855077054,1
here_and_now,0.001312991855077054,1
present_moment,0.001312991855077054,1
innocent,0.001392641233208935,1
barack,0.0014002154137275986,1
shared,0.001442543342212822,1
truth,0.0014626257256759485,1
royal,0.001500569771719598,1
institutionalize,0.0015469148994290526,1
institutionalise,0.0015469148994290526,1
understructure,0.0015675591622847523,1
instauration,0.0015675591622847523,1
cornerstone,0.0015675591622847523,1
origination,0.0015675591622847523,1
groundwork,0.0015675591622847523,1
initiation,0.0015675591622847523,1
foundation_garment,0.0015675591622847523,1
substructure,0.0015675591622847523,1
indulge,0.0017031924120013144,1
refuse,0.0017520739357780298,1
introduction,0.0017520739357780298,1
singing,0.0017876363083285927,1
dungeon,0.00179596750859189,1
reduce,0.0018029116864860687,1
on_the_job,0.0018202748612446006,1
arena,0.0019435904324938624,1
fans,0.0019574279000849305,1
dominance,0.002089051798285761,1
cocker,0.0021940329706139072,1
previously,0.00227476950695371,1
listing,0.0022974923079739206,1
mixer,0.002302255557130983,1
societal,0.002302255557130983,1
sociable,0.002302255557130983,1
effectual,0.0023042056520372685,1
staff,0.002314713512743972,1
donjon,0.0023915273614332406,1
clause,0.0024018357331978407,1
invite,0.0026615609420314198,1
agent,0.0026615609420314198,1
married_man,0.0027422358702246393,1
economise,0.0027422358702246393,1
conserve,0.0027422358702246393,1
economize,0.0027422358702246393,1
foot,0.0027560854945843658,1
dating,0.002778776452932968,1
grounding,0.002787731749027566,1
heights,0.00292124741544287,1
isnt,0.0030709847173341666,1
married_woman,0.003167555944754281,1
without,0.003167555944754281,1
boot,0.0032622614941005146,1
protect,0.0032622614941005146,1
fuss,0.0033508818554386097,1
mission,0.0033508818554386097,1
load,0.0034048576312527396,1
abbreviate,0.003421446748508588,1
abridge,0.003421446748508588,1
foreshorten,0.003421446748508588,1
older,0.0035028721169537346,1
overprotect,0.0035074054029930134,1
female_parent,0.0035074054029930134,1
cathexis,0.0035526906297546237,1
saddle,0.0035526906297546237,1
burster,0.0035526906297546237,1
heraldic_bearing,0.0035526906297546237,1
commove,0.0035526906297546237,1
electric_charge,0.0035526906297546237,1
explosive_charge,0.0035526906297546237,1
armorial_bearing,0.0035526906297546237,1
charge_up,0.0035526906297546237,1
bear_down,0.0035526906297546237,1
rouse,0.0035526906297546237,1
bursting_charge,0.0035526906297546237,1
consign,0.0035526906297546237,1
conservative,0.0035526906297546237,1
medical,0.0035526906297546237,1
approximate,0.003594779083653781,1
comes,0.0037768048665062113,1
scant,0.0037768048665062113,1
kick,0.0038409530275827996,1
executive,0.00396706046150864,1
fag,0.003967954876217243,1
death,0.004135304434428845,1
expiry,0.004135304434428845,1
ability,0.004168680791565986,1
shorten,0.004356165487070799,1
index,0.0044287614249074615,1
twist,0.0044633538860445665,1
bless,0.004600777356360225,1
founding,0.004781467075323357,1
demise,0.0048331646962921845,1
ratify,0.0048331646962921845,1
bend,0.004939552236504782,1
wheel_spoke,0.005096817327639191,1
rundle,0.005096817327639191,1
rung,0.005096817327639191,1
radius,0.005096817327639191,1
credibly,0.005096817327639191,1
sure_enough,0.005602307624163602,1
for_certain,0.005602307624163602,1
for_sure,0.005602307624163602,1
sure_as_shooting,0.005602307624163602,1
obamas,0.005751004392108073,1
oil,0.006050183399391013,1
major_power,0.006083694659147039,1
world_power,0.006083694659147039,1
exponent,0.006083694659147039,1
great_power,0.006083694659147039,1
powerfulness,0.006083694659147039,1
superpower,0.006083694659147039,1
accusation,0.006136704701507748,1
signlanguage,0.006491923379006952,None
signalize,0.006491923379006952,1
gestural,0.006491923379006952,1
signalise,0.006491923379006952,1
followers,0.006576680201364104,1
trusted,0.006735626986753564,1
fully,0.007044784721171994,1
dying,0.007083131714754515,1
burden,0.007727723144412255,1
richly,0.007797568375928328,1
high_gear,0.007797568375928328,1
senior_high_school,0.007797568375928328,1
senior_high,0.007797568375928328,1
high_up,0.007797568375928328,1
luxuriously,0.007797568375928328,1
high_school,0.007797568375928328,1
incase,0.007832986736124488,1
typesetters_case,0.007832986736124488,None
display_case,0.007832986736124488,1
sheath,0.007832986736124488,1
caseful,0.007832986736124488,1
pillowcase,0.007832986736124488,1
compositors_case,0.007832986736124488,None
encase,0.007832986736124488,1
casing,0.007832986736124488,1
grammatical_case,0.007832986736124488,1
vitrine,0.007832986736124488,1
pillow_slip,0.007832986736124488,1
guinea_pig,0.007832986736124488,1
pitt,0.007832986736124488,1
pretty,0.008052126203184577,1
keep_in_line,0.008104491813025676,1
ascendance,0.008104491813025676,1
control_condition,0.008104491813025676,1
ascendence,0.008104491813025676,1
ascendency,0.008104491813025676,1
billing,0.00849887609466776,1
thrill,0.00849887609466776,1
prescribed,0.008662474623786436,1
performing,0.008711935119688345,1
looks,0.008911616480525596,1
indisputable,0.009109718041993497,1
sake,0.009670461575385687,1
exempt,0.009670461575385687,1
justify,0.009670461575385687,1
showcase,0.009860735615712725,1
blame,0.010074980589219336,1
pitt_the_younger,0.01037355955822499,None
pitt,0.01037355955822499,1
george_dibdin_pitt,0.01037355955822499,None
george_pitt,0.01037355955822499,None
first_earl_of_chatham,0.01037355955822499,None
william_pitt,0.01037355955822499,None
second_earl_of_chatham,0.01037355955822499,None
pitt_the_elder,0.01037355955822499,None
george_dibdinpitt,0.01037355955822499,None
accuse,0.010591450923150662,1
controller,0.010591450923150662,1
ascendancy,0.010591450923150662,1
reason_out,0.010591450923150662,1
reasonableness,0.010591450923150662,1
mag,0.011120412983246838,1
radio,0.011675257522956546,1
leaning,0.011801204900202223,1
volume,0.0122571900809267,1
server,0.012403390806227725,1
worldbeater,0.012968332545095593,None
blockage,0.013370965133170971,1
gratis,0.013633267100341491,1
dislodge,0.013633267100341491,1
gratuitous,0.013633267100341491,1
disembarrass,0.013633267100341491,1
complimentary,0.013633267100341491,1
destitute,0.013633267100341491,1
costless,0.013633267100341491,1
detached,0.013633267100341491,1
disengage,0.013633267100341491,1
free_people,0.013633267100341491,1
barren,0.013633267100341491,1
mastery,0.013701286377661088,1
rationality,0.013701286377661088,1
interest_group,0.01433895246171018,1
interestingness,0.01433895246171018,1
pastime,0.01433895246171018,1
matter_to,0.01433895246171018,1
involved,0.01480251412250945,1
spare,0.015575484268244072,1
hereafter,0.015906422965714595,1
future_tense,0.015906422965714595,1
futurity,0.015906422965714595,1
time_to_come,0.015906422965714595,1
parents,0.016684841117174113,1
understanding,0.017246342259945514,1
comments,0.017246342259945514,1
absolve,0.017246342259945514,1
lay_off,0.01761981039221026,1
plosive_consonant,0.01761981039221026,1
layover,0.01761981039221026,1
plosive_speech_sound,0.01761981039221026,1
occlusive,0.01761981039221026,1
block_off,0.01761981039221026,1
block_up,0.01761981039221026,1
plosive,0.01761981039221026,1
intercept,0.01761981039221026,1
diaphragm,0.01761981039221026,1
stop_over,0.01761981039221026,1
barricade,0.01761981039221026,1
blockade,0.01761981039221026,1
stop_consonant,0.01761981039221026,1
occlusion,0.01761981039221026,1
stopover,0.01761981039221026,1
devoid,0.02163149711947334,1
jaw,0.023974804027595067,1
chatter,0.0252420546814595,1
throughout,0.02733607600324563,1
shared_out,0.02947068761328185,1
divided_up,0.02947068761328185,1
