trump,1.5454236063583615e-176,1
said,1.118058805885211e-80,1
her,3.906313658418696e-78,1
confirmed,9.239628404493526e-77,1
simply,1.0831386411948255e-72,1
exact,6.520963047031992e-66,1
iodin,4.08380210865301e-64,1
iodine,4.08380210865301e-64,1
atomic_number_53,4.08380210865301e-64,1
call,1.7923996896099615e-59,1
percent,1.1262273566892904e-52,1
debate,3.277152819187064e-52,1
with,4.734085135008464e-50,1
need,7.215487173040657e-48,1
it,1.568757303548808e-43,1
company,2.3677731421921844e-43,1
lead,6.1672876457343555e-43,1
merely,5.582173335517713e-42,1
press,8.892627631143004e-42,1
announced,5.208241524875723e-41,1
clear,4.310674168141747e-40,1
require,6.15541664994926e-40,1
truck,2.2500768859932467e-39,1
reassert,2.347230043396457e-39,1
this,8.542895193506771e-39,1
no,1.2729324683813269e-36,1
apple,3.557827261701374e-36,1
campaign,5.978548849645592e-36,1
best,5.747141533724933e-34,1
companionship,1.0844281201264397e-33,1
all,1.506607260807691e-33,1
non,5.2301387497739935e-33,1
trumpet,1.3009870236639898e-32,1
horn,1.458410376604538e-32,1
ruff,1.9201468547152853e-32,1
trump_card,1.9201468547152853e-32,1
cornet,1.9201468547152853e-32,1
trump_out,1.9201468547152853e-32,1
confirm,3.798740886258266e-32,1
outdo,5.696464387840616e-31,1
outflank,7.469366840978849e-31,1
keep_company,3.0933930229423682e-30,1
ships_company,3.0933930229423682e-30,None
troupe,3.0933930229423682e-30,1
study,7.474656315569374e-30,1
declare,8.998663999607222e-30,1
companion,2.755565630002888e-29,1
cover,3.156261528498528e-29,1
glucinium,4.443888377153288e-29,1
be,4.443888377153288e-29,1
atomic_number_4,4.443888377153288e-29,1
beryllium,4.443888377153288e-29,1
announce,6.249257513058004e-29,1
entirely,8.344130722146261e-29,1
herald,1.3147448489057344e-28,1
disputation,2.633670394069155e-28,1
public_debate,2.633670394069155e-28,1
corroborate,7.543660664931216e-28,1
affirm,7.543660664931216e-28,1
will,9.705547527899625e-28,1
substantiate,1.3415005133175595e-27,1
moot,2.277476190014564e-27,1
12,2.6872859520093578e-27,1
harbinger,2.746599054370239e-27,1
caller,3.1119918463509964e-27,1
denote,3.8432741153926046e-27,1
annunciate,3.8432741153926046e-27,1
pacific,4.0843146473647866e-27,1
deliberate,6.863561019074675e-27,1
articulate,4.540760037830319e-26,1
scoop,4.7564987608052784e-26,1
out,8.137998266442852e-26,1
push,1.0247179340183768e-25,1
crusade,1.2820917600416318e-25,1
also,5.735788974091599e-25,1
ar,2.1001862904022204e-24,1
fight,7.272700864556518e-24,1
per_centum,2.0888609131197102e-23,1
pct,2.0888609131197102e-23,1
accompany,1.4333640501668215e-22,1
spring,2.2414837555461253e-22,1
conjure,4.537767790404595e-22,1
sound_out,5.33056177363161e-22,1
enunciate,5.33056177363161e-22,1
enounce,5.33056177363161e-22,1
she,1.076058593440268e-21,1
companies,1.2976484490807583e-21,1
pressing,1.3906500467742928e-21,1
nominee,1.7537693464810453e-21,1
printing_press,2.257570699040821e-21,1
exhort,2.257570699040821e-21,1
public_press,2.257570699040821e-21,1
insistency,2.257570699040821e-21,1
entreat,2.257570699040821e-21,1
adjure,2.257570699040821e-21,1
beseech,2.257570699040821e-21,1
urge_on,2.257570699040821e-21,1
iron_out,2.257570699040821e-21,1
mechanical_press,2.257570699040821e-21,1
imperativeness,2.257570699040821e-21,1
weightlift,2.257570699040821e-21,1
military_press,2.257570699040821e-21,1
weightlift,2.257570699040821e-21,1
insistence,2.602149580249252e-21,1
iron,3.5570853065743686e-21,1
agitate,3.5996487053738276e-21,1
laptop,3.6988522587104646e-21,1
candidate,3.925568633195576e-21,1
assure,1.1708964685268915e-20,1
urge,1.1841191520478382e-20,1
proclaimed,1.4834211195968364e-20,1
plumbing,2.1864732152259526e-20,1
wardrobe,2.4943075468593332e-20,1
contend,3.2164588993250013e-20,1
closet,3.593916782622554e-20,1
argumentation,6.143121465589302e-20,1
pronounce,7.03258234862961e-20,1
motortruck,9.601638355290637e-20,1
hand_truck,9.601638355290637e-20,1
fix,1.9689025273480331e-19,1
name,2.971616879499094e-19,1
funeral,3.214374956108688e-19,1
shit,3.4449145651707906e-19,1
find,4.0214155889827622e-19,1
past,4.0898571451923505e-19,1
leave,4.851206808159501e-19,1
aside,4.974260222349269e-19,1
conference,7.925314391211914e-19,1
they,8.195950285057296e-19,1
half,9.136718306893292e-19,1
divide,3.1933858604341075e-18,1
account,5.011882527816028e-18,1
malus_pumila,5.417457465539183e-18,None
orchard_apple_tree,5.417457465539183e-18,1
jam,5.6950392258673095e-18,1
party,5.911538040891566e-18,1
from,8.297074836019932e-18,1
draw,9.03090056857511e-18,1
aver,1.2735393042048639e-17,1
allege,1.9662439319524272e-17,1
after,2.0816605323675404e-17,1
now,2.19738194103996e-17,1
weigh,2.5286609370226908e-17,1
photography,2.5472522187901548e-17,1
press_out,2.9863771208922495e-17,1
come_out,3.058473093498176e-17,1
split,5.2458864231983334e-17,1
stool,5.602836556055368e-17,1
argue,6.388128451933012e-17,1
has,6.547339859794356e-17,1
ha,6.547339859794356e-17,None
hour_angle,6.547339859794356e-17,1
rogen,1.0400306025243064e-16,1
sort,1.4996443930497074e-16,1
campaigner,1.561461862080728e-16,1
realize,1.8285793688815924e-16,1
take_shape,2.0623232103170737e-16,1
take_form,2.0623232103170737e-16,1
realise,2.1669565479119726e-16,1
pass,2.289967802283591e-16,1
google,2.686444232192661e-16,1
fellowship,2.953979652644403e-16,1
presidential,4.595168623628341e-16,1
9,4.662021432619403e-16,1
shore,1.1299840859532792e-15,1
two,1.3822040825210014e-15,1
wozniak,1.4382318129872805e-15,1
ab,1.4382318129872805e-15,1
held,1.6301483028257926e-15,1
universal,2.291828750020341e-15,1
steve,2.712105290875068e-15,1
carve_up,3.3170734784969244e-15,1
dissever,3.3170734784969244e-15,1
rich_person,5.847520364733655e-15,1
wealthy_person,5.847520364733655e-15,1
more,5.921212720997983e-15,1
bounce,6.02160180845635e-15,1
purchase,6.781126153378763e-15,1
beginning,6.7994452924480316e-15,1
completely,6.88107843945454e-15,1
earn,1.7371903075449034e-14,1
fence,1.8699971693413567e-14,1
pull_in,2.7774107425496748e-14,1
chair,2.7802455163748773e-14,1
policy,2.834423066067203e-14,1
leaping,2.89107156634041e-14,1
pressure,4.4445101992631743e-14,1
twelve,5.3009351612241123e-14,1
formally,5.798721102062287e-14,1
ms,5.895873863301681e-14,1
dozen,6.091492161450239e-14,1
rebound,6.868085815354921e-14,1
pacific_ocean,6.868085815354921e-14,None
pacific,6.868085815354921e-14,1
peaceable,6.868085815354921e-14,1
xii,7.360284681932338e-14,1
xii,7.360284681932338e-14,1
federal,9.925471051210219e-14,1
kind,1.1056510656770909e-13,1
nobelium,1.2841564662496475e-13,1
no,1.2841564662496475e-13,1
no_more,1.2841564662496475e-13,1
atomic_number_102,1.2841564662496475e-13,1
totally,2.0096478335170588e-13,1
filing,2.2254655482633652e-13,1
discriminate,2.2446497168337812e-13,1
still,2.4148785532224887e-13,1
while,2.529580419355663e-13,1
leap,3.1475607183370647e-13,1
republican,3.47100545174724e-13,1
saltation,3.545263225307594e-13,1
reprint,4.408057749112267e-13,1
single_out,4.408057749112267e-13,1
ramify,4.408057749112267e-13,1
furcate,4.408057749112267e-13,1
freestanding,4.408057749112267e-13,1
offprint,4.408057749112267e-13,1
disjoined,4.408057749112267e-13,1
fountain,4.4447071978177254e-13,1
branch,4.4719914192684346e-13,1
put_up,5.351425506812192e-13,1
crush,7.279567053571706e-13,1
pip,7.328183148982593e-13,1
senate,7.354552777816789e-13,1
society,9.621235718508679e-13,1
flight,1.0157833508209526e-12,1
even,1.0566075398308412e-12,1
some,1.441677635909718e-12,1
break_up,1.696139211400226e-12,1
support,2.0286517052009123e-12,1
percentage,2.3559803642026705e-12,1
fork,2.3628120170491885e-12,1
building,3.1304081830283133e-12,1
tesla,3.292126460442171e-12,1
living,4.710305175728388e-12,1
war,4.976862132076585e-12,1
bring_out,4.982807685195398e-12,1
altogether,5.353157217323475e-12,1
yet,6.046764889745916e-12,1
acknowledged,6.166965322694913e-12,1
land,7.314076391684697e-12,1
wholly,8.002024311227515e-12,1
leverage,8.647199941221592e-12,1
whole,9.120860686451685e-12,1
united_states_president,9.95735785070361e-12,None
president_of_the_united_states,9.95735785070361e-12,None
prexy,9.95735785070361e-12,1
chief_executive,9.95735785070361e-12,None
chairperson,9.95735785070361e-12,1
president,9.95735785070361e-12,1
forge,1.0441921183979537e-11,1
shooter,1.0575154292951342e-11,1
removed,1.1516962660317143e-11,1
ready,1.4112368577590058e-11,1
chairwoman,1.5699743018593397e-11,1
been,1.577372753479357e-11,1
foretell,1.5905050823600238e-11,1
total,1.689188361719331e-11,1
shooting,3.450705298571355e-11,1
bring_in,4.204425431353713e-11,1
chairman,4.5216970958487724e-11,1
referenced,4.7791797085718685e-11,1
caper,5.0117150667469336e-11,1
forward,5.4482066483128207e-11,1
roughly,6.373936093701735e-11,1
take_the_field,8.32195924383461e-11,1
hunting_expedition,8.32195924383461e-11,1
military_campaign,8.32195924383461e-11,1
spell,1.1792667391872726e-10,1
pee,1.223197238145259e-10,1
safari,1.3552665609108135e-10,1
if,1.4447805474025107e-10,1
gun,1.633754200919698e-10,1
wee,1.8581267832231745e-10,1
photograph,1.860058304416575e-10,1
however,2.0017814706919996e-10,1
create,2.0611135511608266e-10,1
nominate,2.355298163358316e-10,1
puddle,2.377558380258918e-10,1
relieve_oneself,2.377558380258918e-10,1
peepee,2.377558380258918e-10,None
defecate,2.377558380258918e-10,1
make_believe,2.377558380258918e-10,1
spend_a_penny,2.377558380258918e-10,1
weewee,2.377558380258918e-10,None
caca,2.377558380258918e-10,None
pass_water,2.377558380258918e-10,1
lay_down,2.377558380258918e-10,1
urinate,2.377558380258918e-10,1
take_a_shit,2.377558380258918e-10,1
take_a_leak,2.377558380258918e-10,1
make_water,2.377558380258918e-10,1
take_a_crap,2.377558380258918e-10,1
micturate,2.377558380258918e-10,1
pretend,2.4206914509149614e-10,1
league,2.5881056374424294e-10,1
crap,2.774829879323603e-10,1
seduce,2.841274367052165e-10,1
back,2.934219008049183e-10,1
three,2.9450772039221087e-10,1
too,3.3431582165600373e-10,1
piss,3.465303163594872e-10,1
voting,3.7594820438682135e-10,1
general,4.2953443755556703e-10,1
union,4.3348736245570676e-10,1
piddle,4.4052470356036997e-10,1
local,4.506841033228148e-10,1
prepare,4.623088727188605e-10,1
distinguish,4.74813008918211e-10,1
jersey,5.22990957639493e-10,1
inject,5.261685125853365e-10,1
dissipate,5.261685125853365e-10,1
picture_show,5.776399916064211e-10,1
motionpicture_show,5.776399916064211e-10,None
moving_picture,5.776399916064211e-10,1
motion_picture,5.776399916064211e-10,1
movingpicture_show,5.776399916064211e-10,None
flash,5.982658135609009e-10,1
bring,6.226974324503374e-10,1
o,6.260623829713456e-10,1
fool_away,6.792064460160324e-10,1
scoot,6.792064460160324e-10,1
germinate,6.792064460160324e-10,1
fritter_away,6.792064460160324e-10,1
fritter,6.792064460160324e-10,1
pullulate,6.792064460160324e-10,1
scud,6.792064460160324e-10,1
bourgeon,6.792064460160324e-10,1
dart,6.792064460160324e-10,1
frivol_away,6.792064460160324e-10,1
spud,6.792064460160324e-10,1
burgeon_forth,6.792064460160324e-10,1
secernate,7.035914896336393e-10,1
secern,7.035914896336393e-10,1
severalize,7.035914896336393e-10,1
severalise,7.035914896336393e-10,1
compact,7.104682726314749e-10,1
constrict,7.104682726314749e-10,1
compress,7.104682726314749e-10,1
tell_apart,7.375489908505088e-10,1
prove,7.512088075214417e-10,1
exercise,7.520728122513311e-10,1
group_discussion,8.181961670270699e-10,1
you,8.524021512442655e-10,1
besides,9.056704372510968e-10,1
day,1.0706904644661534e-09,1
aforesaid,1.1309188570768305e-09,1
arrange,1.165878104285593e-09,1
aforementioned,1.2234150921522863e-09,1
flick,1.2352068562695455e-09,1
onehalf,1.535062051916969e-09,None
yes,1.6439405833396033e-09,1
alone,1.7194285180655566e-09,1
photographic_film,1.931231459855843e-09,1
celluloid,1.931231459855843e-09,1
plastic_film,1.931231459855843e-09,1
likewise,1.954458017531765e-09,1
than,2.011345669766613e-09,1
most,2.123093410775295e-09,1
recreate,2.204865713678934e-09,1
as_well,2.2253092641389045e-09,1
classify,2.4706753917450553e-09,1
assort,2.4706753917450553e-09,1
film,2.516785056671872e-09,1
part,2.6010059013209055e-09,1
cinema,2.612725843223081e-09,1
concur,2.7197875456508463e-09,1
fiddle,2.7551588279063e-09,1
diddle,2.7558548354156337e-09,1
wager,2.7558548354156337e-09,1
flirt,2.7558548354156337e-09,1
spiel,2.7558548354156337e-09,1
trifle,2.7558548354156337e-09,1
dally,2.7558548354156337e-09,1
being,2.984634726113561e-09,1
up,3.184887189341828e-09,1
an,3.4096654393406132e-09,1
an,3.4096654393406132e-09,1
associate_in_nursing,3.4096654393406132e-09,None
nation,3.4577720286514664e-09,1
debt,3.8408630893610855e-09,1
differentiate,3.854736955406427e-09,1
occupy,3.86410989744015e-09,1
gambol,3.961612754193914e-09,1
playing_period,3.961612754193914e-09,1
period_of_play,3.961612754193914e-09,1
frolic,3.961612754193914e-09,1
free_rein,3.961612754193914e-09,1
childs_play,3.961612754193914e-09,None
romp,3.961612754193914e-09,1
swordplay,3.961612754193914e-09,1
dramatic_play,3.961612754193914e-09,1
looseness,3.961612754193914e-09,1
shimmer,3.961612754193914e-09,1
snap,3.971816408066366e-09,1
province,4.096705408501112e-09,1
fool,4.254568299421171e-09,1
both,4.91743103096987e-09,1
immediately,4.974027876468531e-09,1
page,5.177831785208641e-09,1
progress_to,5.319737661328952e-09,1
get_to,5.319737661328952e-09,1
new,5.495658950463793e-09,1
ask,5.602740360805872e-09,1
toy,6.577604745438309e-09,1
slam,7.539391806424564e-09,1
state_of_matter,7.897221257126548e-09,1
state_department,7.897221257126548e-09,None
united_states_department_of_state,7.897221257126548e-09,None
department_of_state,7.897221257126548e-09,None
dos,7.897221257126548e-09,None
state,7.897221257126548e-09,1
consider,7.961697952365747e-09,1
primary,8.161849781261326e-09,1
lease,8.264470012355024e-09,1
supply,8.308723995925493e-09,1
involve,9.110359785874267e-09,1
cosmopolitan,9.435727353823809e-09,1
included,9.666049152915225e-09,1
dig,1.0662606963834993e-08,1
google,1.0709128091873577e-08,1
nuclear,1.1485966351289637e-08,1
call_for,1.3665059051889959e-08,1
postulate,1.3665059051889959e-08,1
necessitate,1.3665059051889959e-08,1
progress,1.4096929842157966e-08,1
economy,1.4444278610484891e-08,1
oecumenical,1.496496486179798e-08,1
ecumenical,1.496496486179798e-08,1
tear,1.505900395703181e-08,1
gaming,1.6791382571695104e-08,1
south,1.72442977751242e-08,1
ix,1.806259260372805e-08,1
rear,1.8372546502825164e-08,1
organize,1.8962226098155323e-08,1
demand,1.9468479536910554e-08,1
extend,2.046464536751824e-08,1
parade,2.101391628827507e-08,1
snapshot,2.2080166441549666e-08,1
niner,2.4007567471810093e-08,1
ennead,2.4007567471810093e-08,1
ix,2.4007567471810093e-08,1
nina_from_carolina,2.4007567471810093e-08,None
launching,2.4245982360695205e-08,1
blastoff,2.8815365920873528e-08,1
dead_reckoning,2.8815365920873528e-08,1
pellet,2.8815365920873528e-08,1
shaft,2.8815365920873528e-08,1
chatoyant,2.8815365920873528e-08,1
changeable,2.8815365920873528e-08,1
injection,2.8815365920873528e-08,1
barb,2.8815365920873528e-08,1
iridescent,2.8815365920873528e-08,1
guesswork,2.8815365920873528e-08,1
set_in_motion,3.044166089030411e-08,1
political,3.4118673667831984e-08,1
continued,3.61700210000777e-08,1
oblige,3.911886889131287e-08,1
elector,3.998325943947936e-08,1
big,4.1399697250762184e-08,1
launch,4.30787060103023e-08,1
master_of_architecture,4.363936904780171e-08,None
marchland,4.363936904780171e-08,1
march,4.363936904780171e-08,1
mar,4.363936904780171e-08,None
border_district,4.363936904780171e-08,1
march,4.363936904780171e-08,1
borderland,4.363936904780171e-08,1
marching_music,4.363936904780171e-08,1
write_up,4.6868325351162814e-08,1
news_report,4.6868325351162814e-08,1
marching,4.742728350681168e-08,1
commonwealth,4.837024144637831e-08,1
sport,4.8421823368193504e-08,1
harbour,4.995291369693553e-08,1
res_publica,5.108149669868663e-08,1
body_politic,5.108149669868663e-08,1
obama,5.338951070211972e-08,1
insurance_policy,5.403944983938881e-08,1
stroke,5.571825628440156e-08,1
concern,5.7607242757345286e-08,1
gambling,5.7735724560379964e-08,1
prominent,5.8325402244802604e-08,1
over,5.871677603503476e-08,1
obligate,6.372349647681701e-08,1
view_as,6.372349647681701e-08,1
take_for,6.372349647681701e-08,1
confine,6.372349647681701e-08,1
take_hold,6.372349647681701e-08,1
characterization,7.219888880544683e-08,1
organise,7.581983453258264e-08,1
life_history,7.705512889716995e-08,1
reach,7.975296302067106e-08,1
2015,8.102084620800931e-08,1
entertain,8.367528588205413e-08,1
withstand,8.367528588205413e-08,1
wordpainting,9.407421561058163e-08,None
word_picture,9.407421561058163e-08,1
pictorial_matter,9.407421561058163e-08,1
characterisation,9.407421561058163e-08,1
mental_picture,9.407421561058163e-08,1
depiction,9.407421561058163e-08,1
squeeze,9.566414829855857e-08,1
turn_over,9.784925850083217e-08,1
first,1.0064447805519767e-07,1
springiness,1.093218476479881e-07,1
attempt,1.1110653626231483e-07,1
task,1.1243588535983391e-07,1
ballot,1.2228300994316538e-07,1
judge,1.23170127602551e-07,1
stab,1.2804528354697198e-07,1
insurance,1.3693822895011907e-07,1
sep,1.3734327020338144e-07,None
sept,1.3734327020338144e-07,1
september,1.3734327020338144e-07,1
like_a_shot,1.3774122557439418e-07,1
straightaway,1.3774122557439418e-07,1
right_away,1.3774122557439418e-07,1
forthwith,1.3774122557439418e-07,1
straight_off,1.3774122557439418e-07,1
at_once,1.3774122557439418e-07,1
voters,1.3843618673300322e-07,1
nowadays,1.4123352716678228e-07,1
forbidden,1.442456906587627e-07,1
stuff,1.5451478048859203e-07,1
pic,1.610794689160399e-07,1
guessing,1.6526243873962143e-07,1
delineation,1.6983884503757235e-07,1
harbor,1.7580701473851511e-07,1
instantly,1.8429201815278746e-07,1
produce,1.8446954748489649e-07,1
use,1.8926366980476853e-07,1
gain,1.9079719214592074e-07,1
guard,1.978445159923934e-07,1
bind,2.275733623993479e-07,1
displace,2.3313934924299697e-07,1
income,2.4497711467708344e-07,1
nearly,2.5675346121049375e-07,1
pictures,2.595741005527088e-07,1
painting,2.6085505649796546e-07,1
playact,2.7989128532442956e-07,1
roleplay,2.7989128532442956e-07,1
act_as,2.7989128532442956e-07,1
taboo,2.8540905794155344e-07,1
close_to,3.045124881691173e-07,1
or_so,3.045124881691173e-07,1
more_or_less,3.045124881691173e-07,1
just_about,3.045124881691173e-07,1
subscribe,3.1800409786414624e-07,1
gibe,3.36593024620674e-07,1
jibe,3.36593024620674e-07,1
guess,3.4078052494240823e-07,1
stunned,3.413755487023508e-07,1
fun,3.417362750559394e-07,1
boastfully,3.4389975824397765e-07,1
vauntingly,3.4389975824397765e-07,1
wish,3.465929652511147e-07,1
verboten,3.5039318718489726e-07,1
extinct,3.5039318718489726e-07,1
proscribed,3.5039318718489726e-07,1
kayoed,3.5039318718489726e-07,1
tabu,3.5039318718489726e-07,1
come_out_of_the_closet,3.5039318718489726e-07,1
kod,3.5039318718489726e-07,None
knocked_out,3.5039318718489726e-07,1
today,3.509496991089901e-07,1
federal_official,3.557016486187954e-07,1
federal_soldier,3.557016486187954e-07,None
fed,3.557016486187954e-07,None
union_soldier,3.557016486187954e-07,None
nevertheless,3.646961738856999e-07,1
50,3.9021082302934897e-07,1
whirl,3.950171993499939e-07,1
afford,4.089421462131119e-07,1
political_campaign,4.091611007998916e-07,1
trajectory,4.233915481066375e-07,1
try,4.2772600953656145e-07,1
maneuver,4.431017867940998e-07,1
phase,4.536026926084606e-07,1
real,4.795583982324838e-07,1
prohibited,5.123112293094565e-07,1
main,5.156088204108376e-07,1
sign,5.165062909212348e-07,1
federal,5.249294318728008e-07,1
can,5.327708775600222e-07,1
score,5.40900219817429e-07,1
united_states_senate,5.579654934421071e-07,None
senate,5.579654934421071e-07,1
us_senate,5.579654934421071e-07,None
us_senate,5.579654934421071e-07,None
beat,5.620692980023704e-07,1
fledge,5.675935288828163e-07,1
flight_of_stairs,5.675935288828163e-07,1
flight_of_steps,5.675935288828163e-07,1
republican_river,5.780959022251094e-07,None
republican,5.780959022251094e-07,1
spirit,6.013599889943201e-07,1
surgery,6.184819771486545e-07,1
around,6.408378345470091e-07,1
plunge,6.525373998526654e-07,1
manoeuvre,7.21193023191468e-07,1
deem,7.458627684911299e-07,1
owner,7.564225760761038e-07,1
north,7.788906160861922e-07,1
drama,8.08079616999533e-07,1
matt,8.402829532994928e-07,1
according,8.523840629891057e-07,1
magnanimous,8.604254740177916e-07,1
forrader,8.964414498403835e-07,1
onwards,8.964414498403835e-07,1
forwards,8.964414498403835e-07,1
onward,8.964414498403835e-07,1
pick_up,9.02043544261832e-07,1
worldwide,9.021029612301384e-07,1
patch,9.487059712671061e-07,1
mean,1.0155048453718076e-06,1
ramp_up,1.0494169973287356e-06,1
work_up,1.0494169973287356e-06,1
edifice,1.0494169973287356e-06,1
build_up,1.0494169973287356e-06,1
approximately,1.079948860577931e-06,1
wednesday,1.1153013945106869e-06,1
state_of_war,1.141211527099142e-06,1
nurse,1.1834916057872251e-06,1
worldwide,1.213558873369293e-06,1
examine,1.2177457857713137e-06,1
discover,1.2606332458164632e-06,1
attain,1.2629457286913895e-06,1
aspect,1.3560604928590774e-06,1
strike,1.4056151044821069e-06,1
york,1.456809093310382e-06,1
york,1.456809093310382e-06,1
house_of_york,1.456809093310382e-06,None
midweek,1.4786423784144849e-06,None
wednesday,1.4786423784144849e-06,1
wed,1.4786423784144849e-06,1
me,1.4960679087623034e-06,1
arrive_at,1.519506496715256e-06,1
guide,1.5561796788584694e-06,1
to_a_lower_place,1.5596989442064252e-06,1
at_a_lower_place,1.5596989442064252e-06,1
down_the_stairs,1.5596989442064252e-06,1
infra,1.5596989442064252e-06,1
on_a_lower_floor,1.5596989442064252e-06,1
supporter,1.5880783081138876e-06,1
case,1.6008365816092113e-06,1
at_present,1.6025823608261424e-06,1
dash,1.6328044285897882e-06,1
ii,1.642879980994401e-06,1
deuce,1.642879980994401e-06,1
trumps,1.6956331172344196e-06,1
flush,1.7920022945677374e-06,1
defy,1.844560555756664e-06,1
warfare,1.8858069043302061e-06,1
pine_tree_state,1.886413940866764e-06,None
maine,1.886413940866764e-06,None
me,1.886413940866764e-06,1
discharge,1.9026295830691847e-06,1
atomic_number_85,2.060658379854215e-06,1
astatine,2.060658379854215e-06,1
at,2.060658379854215e-06,1
play,2.1681953691690194e-06,1
allow,2.2950146655736613e-06,1
force_out,2.3457539907365996e-06,1
energy,2.450047399677729e-06,1
bid,2.5765656624376587e-06,1
time,2.593111095393378e-06,1
influence,2.770570725028957e-06,1
think,2.789326156936666e-06,1
choose,2.932046482817225e-06,1
solve,3.0481239732001028e-06,1
go_for,3.202635591341581e-06,1
many,3.3954461078774645e-06,1
vote,3.5001559954031107e-06,1
genial,3.536483138953737e-06,1
tuesday,3.5860224970869672e-06,1
them,3.6422455103651607e-06,1
virtually,3.642295843940047e-06,1
higher,3.782744704992426e-06,1
downstairs,3.7835413908220928e-06,1
convey,3.864056808701019e-06,1
beneath,3.9784588491447285e-06,1
look,3.980015238312533e-06,1
fundament,4.196915765098081e-06,1
hire,4.284138882928278e-06,1
split_up,4.3451752882852575e-06,1
movie,4.477629060646336e-06,1
large,4.5451723931242236e-06,1
tues,4.622076009822274e-06,None
tuesday,4.622076009822274e-06,1
ii,4.643064058656916e-06,1
economic,4.7036430230611135e-06,1
nip,4.823651941435313e-06,1
cut,4.870358917103019e-06,1
became,4.921438646713298e-06,1
establish,5.214348243169661e-06,1
top,5.246881897072651e-06,1
fact,5.260507376416507e-06,1
effort,5.837469391022002e-06,1
worst,5.932854420183592e-06,1
years,5.940829579002838e-06,1
balloting,5.9463949979933485e-06,1
consecrate,5.972427598145812e-06,1
recall,6.064502354229927e-06,1
learn,6.1415489949760564e-06,1
different,6.429090363522599e-06,1
mention,6.512779369159295e-06,1
foreign,6.639454643765496e-06,1
thats,6.761431569206107e-06,1
entire,6.8237805588981164e-06,1
repeatedly,6.914317756251515e-06,1
practice,7.275892936540222e-06,1
tolerant,7.436674014777895e-06,1
win,7.661180735272946e-06,1
variety,7.947430496274412e-06,1
march,8.183420987835695e-06,1
shuffling,8.620532613266791e-06,1
shuffle,8.620532613266791e-06,1
sum,8.72757220883715e-06,1
select,8.822753989378228e-06,1
old,8.980387271631766e-06,1
meeting,8.99593041717005e-06,1
monday,9.177592847124083e-06,1
monday,9.177592847124083e-06,1
mon,9.177592847124083e-06,None
sen,9.818507537288138e-06,1
direct,9.991684146938306e-06,1
all_the_same,1.0015593385192646e-05,1
withal,1.0015593385192646e-05,1
even_so,1.0015593385192646e-05,1
occur,1.0038789308322118e-05,1
university,1.0244253779634443e-05,1
construct,1.0490583562447681e-05,1
nonetheless,1.0506431694480736e-05,1
pick_out,1.0555729927356369e-05,1
or,1.057854274724323e-05,1
or,1.057854274724323e-05,1
operating_theatre,1.057854274724323e-05,1
operating_theater,1.057854274724323e-05,1
oregon,1.057854274724323e-05,None
operating_room,1.057854274724323e-05,1
beaver_state,1.057854274724323e-05,None
erstwhile,1.0613905487136148e-05,1
3,1.0997723603973065e-05,1
class,1.1309737772048631e-05,1
subscribe_to,1.1523618641008588e-05,1
use_up,1.1523618641008588e-05,1
shot,1.2565812251087654e-05,1
adjudge,1.2784189467447484e-05,1
notwithstanding,1.2914736885829926e-05,1
marking,1.3178918461210854e-05,1
engage,1.340679177905682e-05,1
any,1.3735672467545824e-05,1
earlier,1.411466296914799e-05,1
iii,1.4612916640688981e-05,1
start,1.5012952094501584e-05,1
prevail,1.5824442910532556e-05,1
notice,1.623743954627692e-05,1
wellnigh,1.6309552385854152e-05,None
year,1.631185574103648e-05,1
house,1.6483777286784987e-05,1
catch,1.649504915339658e-05,1
flying,1.7024684079598803e-05,1
last,1.719799157205742e-05,1
privy,1.7204540829152695e-05,1
threesome,1.73488354183347e-05,1
triad,1.73488354183347e-05,1
iii,1.73488354183347e-05,1
troika,1.73488354183347e-05,1
ternion,1.73488354183347e-05,1
triplet,1.73488354183347e-05,1
deuceace,1.73488354183347e-05,None
tercet,1.73488354183347e-05,1
terzetto,1.73488354183347e-05,1
ternary,1.73488354183347e-05,1
trine,1.73488354183347e-05,1
local_anaesthetic,1.7449605233259006e-05,1
local_anesthetic,1.7449605233259006e-05,1
topical_anaesthetic,1.7449605233259006e-05,1
topical_anesthetic,1.7449605233259006e-05,1
charter,1.7936160285446712e-05,1
2,1.8211825748253035e-05,1
long,1.851577783311248e-05,1
sack,1.8674202691281827e-05,1
terminate,1.9155897721326172e-05,1
merry,1.9256302354759302e-05,1
ring,2.0474079127158412e-05,1
trio,2.301243383668292e-05,1
remember,2.325324486209199e-05,1
seat,2.3339370488787918e-05,1
trinity,2.368754877231948e-05,1
eve,2.3784586264805875e-05,1
jobs,2.3811075798952943e-05,1
down,2.4399006072227778e-05,1
watch,2.451270134021143e-05,1
subsequently,2.4898989474498804e-05,1
to_begin_with,2.5024475883299543e-05,1
in_the_beginning,2.5024475883299543e-05,1
in_the_first_place,2.5024475883299543e-05,1
blast,2.5182363967608172e-05,1
bite,2.525594047234545e-05,1
earliest,2.5629488451892497e-05,1
ascertain,2.6222706480070748e-05,1
add_up,2.6678423099217043e-05,1
work_out,2.7529953910463698e-05,1
aim,2.780473053104494e-05,1
district,2.8198337727251567e-05,1
week,2.840657240423133e-05,1
thousand,2.9151900377507553e-05,1
outpouring,2.9923720876830774e-05,1
gas,3.001129473024122e-05,1
construction,3.095233186064373e-05,1
call_back,3.1140598740737854e-05,1
ferment,3.1178853298629745e-05,1
fore,3.158106437027848e-05,1
ass,3.2580822687735755e-05,1
happen,3.2580822687735755e-05,1
black,3.399369158939478e-05,1
utter,3.408420475615146e-05,1
game,3.5912170358972274e-05,1
pack,3.5979043184564264e-05,1
park,3.685696299037579e-05,1
bequeath,3.758366826137752e-05,1
recollect,3.8117866284404915e-05,1
next,3.8312438189118645e-05,1
future,3.8912017666390624e-05,1
once,3.906224665475071e-05,1
im,3.9668154231024274e-05,1
advancing,3.979689114217538e-05,1
cerebrate,4.041913532115178e-05,1
cogitate,4.041913532115178e-05,1
build,4.0520535214923804e-05,1
more_than,4.088143040305594e-05,1
sir_thomas_more,4.088143040305594e-05,None
thomas_more,4.088143040305594e-05,None
more,4.088143040305594e-05,1
to_a_greater_extent,4.088143040305594e-05,1
almost,4.0957736497944345e-05,1
genuine,4.1793810830127844e-05,1
country,4.2434164943781934e-05,1
directly,4.339588406554236e-05,1
pageboy,4.408864298272082e-05,1
thomas_nelson_page,4.408864298272082e-05,None
paginate,4.408864298272082e-05,1
page,4.408864298272082e-05,1
varlet,4.408864298272082e-05,1
sir_frederick_handley_page,4.408864298272082e-05,None
foliate,4.408864298272082e-05,1
present,4.468504818984076e-05,1
put_forward,4.4928890886172777e-05,1
hear,4.49960441973672e-05,1
voter,4.5624054596336494e-05,1
baby,4.7229701235690525e-05,1
trey,4.964149679349591e-05,1
forrard,5.007512444424676e-05,1
send_on,5.007512444424676e-05,1
frontward,5.007512444424676e-05,1
frontwards,5.007512444424676e-05,1
forwardmoving,5.007512444424676e-05,None
forrad,5.007512444424676e-05,1
flake,5.0490228800329485e-05,1
four,5.07582285893629e-05,1
itself,5.1025062936585915e-05,1
portion_out,5.2864944396983475e-05,1
apportion,5.2864944396983475e-05,1
divvy_up,5.2864944396983475e-05,1
vent,5.4680282171089085e-05,1
fiftyfifty,5.5141142830278244e-05,None
eventide,5.5141142830278244e-05,1
fragmented,5.5402241858762045e-05,1
official,5.9547859759185284e-05,1
bump,5.9673966272576434e-05,1
concluded,6.197045961591165e-05,1
him,6.448399391403433e-05,1
disunite,6.498635082690654e-05,1
publish,6.529296733027703e-05,1
commit,6.647471752664053e-05,1
put_out,6.67103681098535e-05,1
solar_day,6.707068284304896e-05,1
clarence_day,6.707068284304896e-05,None
24hour_interval,6.707068284304896e-05,None
day,6.707068284304896e-05,1
clarence_shepard_day_jr,6.707068284304896e-05,None
twentyfour_hour_period,6.707068284304896e-05,None
sidereal_day,6.707068284304896e-05,1
mean_solar_day,6.707068284304896e-05,1
twentyfour_hours,6.707068284304896e-05,None
daylight,6.707068284304896e-05,1
regular,6.765554673641615e-05,1
break_open,6.876227444007351e-05,1
schism,6.876227444007351e-05,1
stock_split,6.876227444007351e-05,1
disunited,6.876227444007351e-05,1
split,6.876227444007351e-05,1
rive,6.876227444007351e-05,1
cleave,6.876227444007351e-05,1
rip,6.928114107288063e-05,1
actual,7.027700249202132e-05,1
among,7.07878789155689e-05,1
k,7.26808729711953e-05,None
chiliad,7.26808729711953e-05,1
g,7.26808729711953e-05,None
one_thousand,7.26808729711953e-05,1
m,7.26808729711953e-05,None
leash,7.274924177431921e-05,1
deal,7.694419633218644e-05,1
contract,7.792725547310472e-05,1
observe,8.015542235488565e-05,1
put,8.077934743165776e-05,1
morsel,8.18461676482635e-05,1
prick,8.18461676482635e-05,1
seize_with_teeth,8.18461676482635e-05,1
bank,8.318088707972567e-05,1
details,8.463550944122925e-05,1
come_apart,8.46910735050222e-05,1
prop,8.484683266753523e-05,1
disconnected,8.547868514416452e-05,1
binding,8.748435185141029e-05,1
family,8.887799268838199e-05,1
complete,9.066842449777163e-05,1
security,9.17816503431423e-05,1
book_binding,9.206929412941321e-05,1
dismiss,9.266017059113282e-05,1
expression,9.526370817751712e-05,1
yard,9.560700917906767e-05,1
daytime,9.705295635128867e-05,1
ended,9.89336349402561e-05,1
testament,0.00010013613808668317,1
volition,0.0001049574069401685,1
snatch,0.00010716049183089685,1
give_up,0.00011019659881826108,1
work_on,0.00011048002181299848,1
give_the_sack,0.00011079989957453226,1
give_notice,0.00011079989957453226,1
give_the_axe,0.00011079989957453226,1
send_away,0.00011079989957453226,1
fare,0.00011200270450620091,1
get_hold_of,0.00011255247457912481,1
to_the_south,0.00011409694440939413,1
confederate_states_of_america,0.00011409694440939413,None
dixieland,0.00011409694440939413,None
due_south,0.00011409694440939413,1
south,0.00011409694440939413,1
s,0.00011409694440939413,1
southward,0.00011409694440939413,1
dixie,0.00011409694440939413,None
confederate_states,0.00011409694440939413,None
confederacy,0.00011409694440939413,None
in_the_south,0.00011409694440939413,1
grand,0.00012081414591563342,1
face,0.00012454520410526602,1
only_when,0.00012492617814507072,1
only_if,0.00012492617814507072,1
movement,0.0001277378271166356,1
solitary,0.00012810329598500006,1
youre,0.00013001865391633224,1
bare,0.0001303445059306781,1
beingness,0.00013066607487260233,1
organism,0.00013066607487260233,1
peace,0.00013337941901623532,1
adopt,0.00013357477218735303,1
take_up,0.0001379554882644496,1
property,0.00013950331750190077,1
sting,0.00014229502589834504,1
lonesome,0.00014539131703679556,1
gage,0.00014959593420778246,1
tax,0.00015206893578276757,1
partly,0.00015374698331065083,1
kickoff,0.00015606803816659256,1
outset,0.00015606803816659256,1
punt,0.00015724952592858918,1
bet_on,0.00015724952592858918,1
1000,0.0001572831103386364,1
snag,0.00016027150681746977,1
lodge,0.00016424906512188623,1
commencement,0.0001666940049674353,1
average,0.0001715603079527725,1
getgo,0.00017364542978197094,None
starting_time,0.00017364542978197094,1
showtime,0.00017364542978197094,1
throne,0.00017413750469757184,1
tour,0.0001750929496811911,1
offset,0.00017797973084689983,1
gunman,0.0001787800572144553,1
left,0.0001808535567581675,1
area,0.00018693905431406868,1
endorse,0.00018998731034558522,1
rent,0.00019793658422993568,1
breeze,0.00019795807838460084,1
growing,0.00019917264612850086,1
utilize,0.00020245713562915002,1
subject,0.0002052516967945204,1
go_forth,0.00021199573786186726,1
fill,0.00021219678076354667,1
habituate,0.00021295824839587818,1
employ,0.00021295824839587818,1
utilise,0.00021295824839587818,1
gunslinger,0.00021909877000633382,1
hitman,0.00021909877000633382,1
greasegun,0.00021909877000633382,None
throttle,0.00021909877000633382,1
hit_man,0.00021909877000633382,1
accelerator_pedal,0.00021909877000633382,1
accelerator,0.00021909877000633382,1
heavy_weapon,0.00021909877000633382,1
gas_pedal,0.00021909877000633382,1
ordnance,0.00021909877000633382,1
hired_gun,0.00021909877000633382,1
torpedo,0.00021909877000633382,1
gun_for_hire,0.00021909877000633382,1
triggerman,0.00021909877000633382,1
icon,0.000220826455938688,1
ive,0.0002247582286554825,1
lone,0.00022628347358984649,1
ikon,0.00023452993131885743,1
get_along,0.00023817899779096383,1
hold_on,0.0002388857712720784,1
conduct,0.00024113201675951489,1
aviation,0.0002426004478463257,1
zephyr,0.00024343042944904224,1
aerate,0.00024343042944904224,1
air_out,0.00024343042944904224,1
air_travel,0.00024343042944904224,1
gentle_wind,0.00024343042944904224,1
airwave,0.00024343042944904224,1
publicise,0.00024343042944904224,1
publicize,0.00024343042944904224,1
ventilate,0.00024343042944904224,1
bottom,0.00024426245269389726,1
adept,0.0002553332233808934,1
history,0.00027328956628403645,1
tierce,0.00027500376951798726,1
turned,0.0002775736000975062,1
outside,0.00028444804034765504,1
born,0.0002858834883707132,1
october,0.0002910171249013967,1
august,0.00029257809871549876,1
partner,0.00029725867679454164,1
bombastic,0.0002974676455968725,1
september,0.0003007111428601291,1
constituent,0.0003031830429200954,1
component,0.0003031830429200954,1
partially,0.0003031830429200954,1
indorse,0.000303933107507147,1
working,0.0003074190310562255,1
lot,0.0003079427538873617,1
posit,0.00030800429493018185,1
component_part,0.0003106468163807219,1
mother,0.00031095085951798445,1
bad,0.0003124538463385376,1
potty,0.0003193888422347317,1
tin,0.0003193888422347317,1
can_buoy,0.0003193888422347317,1
tin_can,0.0003193888422347317,1
canful,0.0003193888422347317,1
crapper,0.0003193888422347317,1
commode,0.0003193888422347317,1
gravid,0.00032009120054748535,1
enceinte,0.00032009120054748535,1
with_child,0.00032009120054748535,1
go_on,0.00032141389414204843,1
incur,0.00032522987755094956,1
countenance,0.0003307154062276472,1
train,0.0003469128208705444,1
evening,0.0003516830362507676,1
atmosphere,0.0003557269031518748,1
free,0.00035704912987616805,1
crisis,0.0003573125893967657,1
originally,0.00035883072611424347,1
intend,0.0003611656130132228,1
aura,0.0003641492842243817,1
scene,0.00036713359563584475,1
thou,0.0003686112810518972,1
kill,0.0003700219647323297,1
oct,0.00037027147237080326,None
october,0.00037027147237080326,1
second,0.000378489353606152,1
terminated,0.000379818111177473,1
expectant,0.00038573870914119943,1
recollective,0.00039155251603449945,1
farseeing,0.00039155251603449945,1
foresightful,0.00039155251603449945,1
prospicient,0.00039155251603449945,1
longsighted,0.00039155251603449945,1
farsighted,0.00039155251603449945,1
tenacious,0.00039155251603449945,1
foresighted,0.00039155251603449945,1
retentive,0.00039155251603449945,1
division,0.0003952207583156996,1
later_on,0.0003973449007111267,1
dont,0.0004080277455723661,1
rump,0.0004110257629536064,1
derriere,0.0004110257629536064,1
rack_up,0.0004143114760696922,1
all_over,0.000417095482697356,1
hot,0.00041952701793187777,1
talking,0.00043466689064446004,1
mccain,0.0004386079662362116,1
id,0.0004450886925125143,1
lost,0.00044881175219959815,1
accommodate,0.0004546627248546277,1
taxes,0.00045730434950630287,1
assess,0.00045919699441738187,1
tail,0.00046538188110207597,1
theatrical_role,0.00046664538264295824,1
espouse,0.0004678244396181542,1
capture,0.00047832367368497294,1
shape,0.0004806753378872928,1
tail_end,0.0004875539154899954,1
tush,0.0004875539154899954,1
fanny,0.0004875539154899954,1
tooshie,0.0004875539154899954,1
backside,0.0004875539154899954,1
nates,0.0004875539154899954,1
rear_end,0.0004875539154899954,1
buttocks,0.0004875539154899954,1
keister,0.0004875539154899954,1
hind_end,0.0004875539154899954,1
hindquarters,0.0004875539154899954,1
arse,0.0004875539154899954,1
prat,0.0004875539154899954,1
tied,0.0004911035270134103,1
workplace,0.0004920049063594077,1
bragging,0.0004991060920629933,1
backbone,0.0005042161919093132,1
substantial,0.0005073728668719182,1
permit,0.000518147597902225,1
opine,0.0005223409269006754,1
as,0.0005293769249173193,1
american_samoa,0.0005293769249173193,None
arsenic,0.0005293769249173193,1
every_bit,0.0005293769249173193,1
as,0.0005293769249173193,1
eastern_samoa,0.0005293769249173193,None
atomic_number_33,0.0005293769249173193,1
hind,0.0005295067469606554,1
rachis,0.0005295067469606554,1
rearward,0.0005295067469606554,1
hinder,0.0005295067469606554,1
backrest,0.0005295067469606554,1
spine,0.0005295067469606554,1
dorsum,0.0005295067469606554,1
vertebral_column,0.0005295067469606554,1
rearwards,0.0005295067469606554,1
spinal_column,0.0005295067469606554,1
determine,0.0005373981809863274,1
really,0.0005422608093188616,1
numbers,0.0005429927628871178,1
declamatory,0.0005429927628871178,1
tumid,0.0005429927628871178,1
turgid,0.0005429927628871178,1
orotund,0.0005429927628871178,1
piece_of_work,0.0005447439299293807,1
oeuvre,0.0005447439299293807,1
body_of_work,0.0005447439299293807,1
backwards,0.0005553181101914949,1
taxis,0.0005577099012894815,1
sure,0.0005622644901352209,1
add,0.0005784551171085384,1
vainglorious,0.0005785985749737678,1
cockahoop,0.0005785985749737678,None
braggart,0.0005785985749737678,1
fully_grown,0.0005785985749737678,1
boastful,0.0005785985749737678,1
crowing,0.0005785985749737678,1
selfaggrandizing,0.0005785985749737678,None
swelled,0.0005785985749737678,1
selfaggrandising,0.0005785985749737678,None
fullgrown,0.0005785985749737678,None
braggy,0.0005785985749737678,1
whatsoever,0.0005852806543867729,1
operate,0.0005907779261149995,1
fresh,0.000601840152416973,1
backward,0.0006121266917301276,1
revenue_enhancement,0.0006182720142866092,1
buns,0.0006225372907655089,1
bum,0.0006225372907655089,1
stern,0.0006408390987718498,1
jump,0.0006410093205212254,1
north,0.0006440867104594065,1
pose,0.0006511212473499027,1
financial,0.0006612446386315913,1
county,0.0006625716164117902,1
behind,0.0006649314027921678,1
tutelage,0.0006779399777779119,1
compass_north,0.0006907266764079,1
magnetic_north,0.0006907266764079,1
second_earl_of_guilford,0.0006907266764079,None
northerly,0.0006907266764079,1
northwards,0.0006907266764079,1
n,0.0006907266764079,None
due_north,0.0006907266764079,1
northward,0.0006907266764079,1
frederick_north,0.0006907266764079,None
taxation,0.0006927077921574435,1
full,0.000695933957321312,1
afterward,0.0007057872150969866,1
measure,0.0007083566797279554,1
bet,0.0007160640216111403,1
ahead,0.0007256853928634214,1
novel,0.000748993958980217,1
fall_apart,0.00076177030095967,1
telecasting,0.0007742536603224673,1
tv,0.0007742536603224673,1
appoint,0.0007745440264507619,1
unexampled,0.0007784506622243653,1
freshly,0.0007784506622243653,1
newfangled,0.0007784506622243653,1
modern,0.0007784506622243653,None
new,0.0007784506622243653,1
write_out,0.0007833635386558151,1
tv,0.0007939102489096647,1
lately,0.0008031334011728367,1
equally,0.0008225087861851487,1
less,0.0008300562765011251,1
arrive,0.0008571906806272236,1
amount,0.0008684996207695461,1
subcontract,0.0008951716317652783,1
chore,0.0008951716317652783,1
book_of_job,0.0008951716317652783,None
job,0.0008951716317652783,1
farm_out,0.0008951716317652783,1
home,0.0009106109326019418,1
close,0.0009124995904796311,1
imagine,0.0009158351683733594,1
upwardly,0.0009376499412596898,1
guardianship,0.0009431379265681596,1
upwards,0.00095031591256436,1
5,0.000951146910995634,1
upward,0.0009911040877191135,1
yr,0.0010077023373356235,1
twelvemonth,0.0010077023373356235,1
afterwards,0.001015957698741041,1
mind,0.0010422176724290881,1
days,0.0010435734691883515,1
take_aim,0.0010559221448088343,1
grant,0.00105960767672995,1
clip,0.0010610143072312616,1
telephone,0.0010634915495896819,1
took,0.0010675702425041185,1
raw,0.0010905604063822288,1
seven,0.0011319368752563028,1
back_up,0.0011447992468770756,1
plunk_for,0.0011447992468770756,1
plump_for,0.0011447992468770756,1
health,0.0011536320686978208,1
variant,0.0011663370091619593,1
contain,0.0011917153600593021,1
marry,0.0012078251268535147,1
following,0.001210011948772006,1
whatever,0.0012232696887418115,1
problem,0.001223963359502215,1
early,0.001248514536677329,1
downward,0.001269100656263237,1
fourspot,0.001274289570862219,None
fire,0.0012887342474106212,1
near,0.0012944749700236652,1
file_away,0.0013012215390608487,1
farm,0.0013012215390608487,1
organization,0.0013134278755253536,1
lover,0.0013377534995026982,1
bound,0.0013645851709084367,1
appear,0.0013745905062574764,1
clock,0.0014038159761565504,1
king,0.0014284943957496969,1
again,0.0014879429414406406,1
unlike,0.0014898752736767049,1
scratch,0.0014995051108739155,1
stop,0.0015057707687140094,1
natural,0.0015070349918470758,1
byplay,0.0015245531984639095,1
business_sector,0.0015245531984639095,1
commercial_enterprise,0.0015245531984639095,1
stage_business,0.0015245531984639095,1
clientele,0.0015245531984639095,1
business_organisation,0.0015245531984639095,1
business_concern,0.0015245531984639095,1
business_organization,0.0015245531984639095,1
business_enterprise,0.0015245531984639095,1
reason,0.0015245531984639095,1
budget,0.0015258304536448109,1
move,0.0015335916916849155,1
chief,0.0015430533284964537,1
conjoin,0.0015574436416936066,1
ulterior,0.0015725513002203468,1
alien,0.0015965730815007979,1
improving,0.001596692253153993,1
puzzle_out,0.001596724958587809,1
figure_out,0.001596724958587809,1
knead,0.001596724958587809,1
lick,0.001596724958587809,1
put_to_work,0.001596724958587809,1
do_work,0.001596724958587809,1
act_upon,0.001596724958587809,1
inquiry,0.001597941417760794,1
sound,0.0016146081170644554,1
oer,0.0016310058648962688,None
seem,0.0016524120564101112,1
rank,0.0016680639368129259,1
union,0.0016876253964518402,1
patrol,0.0016943115415570917,1
crop,0.0016984500670276781,1
sustenance,0.001755920338341528,1
bread_and_butter,0.001755920338341528,1
bill,0.0017758191046782846,1
estate,0.0017854690572607797,1
air,0.0017981123527027053,1
pursuit,0.001808091731251952,1
stake,0.00180893799019689,1
legal,0.0018153560344964462,1
be_active,0.0018156190874746476,1
incite,0.0018156190874746476,1
make_a_motion,0.0018156190874746476,1
by_and_by,0.0018200914920254608,1
arrest,0.001832712686718776,1
worked,0.0019160753572987923,1
million,0.001916890920843241,1
spending,0.0019416489684607227,1
dominion,0.0019441594880439982,1
onetime,0.0019505020487385475,1
quondam,0.0019505020487385475,1
end,0.0020012377032928358,1
sentence,0.0020041788237851374,1
prompt,0.002009751993527163,1
livelihood,0.002013472435000002,1
dissimilar,0.002038048513241234,1
states,0.002071640228172405,1
express,0.0021035498356676936,1
household,0.0021436216892890022,1
strange,0.002183036691675347,1
precede,0.002198856881755041,1
conduce,0.002198856881755041,1
generate,0.002215633543955882,1
nether,0.00221948306644706,1
motivate,0.0022248617166415415,1
motivation,0.0022311251410850994,1
cultivate,0.002234413796312594,1
relieve,0.0022469053642551373,1
important,0.0022560971214714773,1
contribute,0.002288004663036168,1
affect,0.0022966251506116803,1
remote,0.002318541818390761,1
belt_down,0.002344686503139323,1
toss_off,0.002344686503139323,1
drink_down,0.002344686503139323,1
bolt_down,0.002344686503139323,1
pour_down,0.002344686503139323,1
penury,0.0023451142215743393,1
pauperization,0.0023451142215743393,1
indigence,0.0023451142215743393,1
pauperism,0.0023451142215743393,1
wash,0.0023523601078364524,1
senator,0.0024404528951756173,1
chance,0.00244588593953382,1
splice,0.002452697429683123,1
get_hitched_with,0.002452697429683123,1
get_married,0.002452697429683123,1
hook_up_with,0.002452697429683123,1
number,0.0024787112013343166,1
fall,0.0024917662866775856,1
video_recording,0.002537737917619593,1
become,0.00255808045669682,1
exploit,0.0025907989165761917,1
resign,0.002598701252223806,1
oppugn,0.0026230647196457155,1
query,0.0026230647196457155,1
dubiousness,0.0026230647196457155,1
interrogative_sentence,0.0026230647196457155,1
doubtfulness,0.0026230647196457155,1
interrogate,0.0026230647196457155,1
interrogative,0.0026230647196457155,1
call_into_question,0.0026230647196457155,1
enquiry,0.0026230647196457155,1
tx,0.002634734625931418,None
lonestar_state,0.002634734625931418,None
texas,0.002634734625931418,1
motive,0.0026398573158520513,1
newly,0.0027078219118635413,1
propel,0.002714830311238723,1
prevent,0.0027278404831371037,1
taken,0.0027278404831371037,1
close_up,0.002762477448690668,1
adjoin,0.0027899448023170704,1
before,0.0028191704344255656,1
refine,0.0028351786289216754,1
grown,0.002915305016483378,1
sometime,0.0029371487483801535,1
already,0.00294855210291247,1
why,0.00296244519760328,1
because,0.0029774620506596984,1
english,0.0030143109195500534,None
slope,0.0030143109195500534,1
side_of_meat,0.0030143109195500534,1
cherished,0.003340865395577811,1
serve,0.0033651625739332496,1
succeeding,0.003366521451358223,1
onetime,0.0033744988235431847,1
stick,0.0034130293718303045,1
interrogation,0.0034183751952384838,1
downwardly,0.003441219672178892,1
finetune,0.003441219672178892,None
john_l_h_down,0.003441219672178892,None
down,0.003441219672178892,1
down_pat,0.003441219672178892,1
push_down,0.003441219672178892,1
devour,0.003441219672178892,1
down_feather,0.003441219672178892,1
knock_down,0.003441219672178892,1
downwards,0.003441219672178892,1
leader,0.003444571848510334,1
agreed,0.003475073567387822,1
very,0.0034978173418621448,1
prison_term,0.003538600401796808,1
fourth_dimension,0.003538600401796808,1
clock_time,0.003538600401796808,1
short,0.0035608173512617185,1
so,0.0035818236568949434,1
instant,0.0036175125910882654,1
workings,0.0036747420336971817,1
police,0.0037109433542685576,1
good,0.0037196321830176454,1
value,0.0037617672138389,1
devotee,0.003795429644552928,1
retrieve,0.0038175286695780936,1
escape,0.003840681927089997,1
break_off,0.003864358763588871,1
discontinue,0.003864358763588871,1
theyre,0.0038721941284123023,1
belated,0.0038735764324930853,1
tardy,0.0038735764324930853,1
menage,0.003932797665753456,1
theres,0.003941087978484693,1
too_soon,0.003941259010686646,1
betimes,0.003941259010686646,1
early_on,0.003941259010686646,1
ahead_of_time,0.003941259010686646,1
contraband,0.003964619771376779,1
polish,0.003972755931230297,1
congress,0.003982078728308363,1
fleck,0.004052586165699717,1
nigh,0.004069817408282017,1
one_time,0.004093184775608027,1
erst,0.004093184775608027,1
at_one_time,0.004093184775608027,1
in_one_case,0.004093184775608027,1
finger,0.004140818278482475,1
impression,0.004244833193682984,1
share,0.00425354661250716,1
see,0.004273959640979625,1
cum,0.004365538322898221,1
practice_of_law,0.00439073303755855,1
legal_philosophy,0.00439073303755855,1
natural_law,0.00439073303755855,1
jurisprudence,0.00439073303755855,1
law_of_nature,0.00439073303755855,1
even_out,0.004392091201968785,1
story,0.004438197767744442,1
take_down,0.004469834088424746,1
true,0.004492020404353835,1
turn_out,0.0045771905828360495,1
fateful,0.004586541673897946,1
sight,0.004629101184875753,1
band,0.004638725642162413,1
arouse,0.004648193029407755,1
persona,0.004760910184672718,1
doing,0.0047650342194194275,1
head_start,0.004769306752753347,1
starting_signal,0.004769306752753347,1
scratch_line,0.004769306752753347,1
starting_line,0.004769306752753347,1
tally,0.0047977773160283255,1
edge,0.004800877993907787,1
sort_out,0.004828912788550405,1
bush,0.0048783767389582915,1
mold,0.0048855413733997115,1
texas,0.004910768237384346,1
functionary,0.004998371479857765,1
idea,0.005009346102087475,1
note,0.005088656311749884,1
24,0.0050902269038526305,1
bleak,0.005127474793568793,1
slew,0.005145574282433505,1
mastered,0.0052601613855525545,1
blackness,0.005298038951311959,1
melanise,0.005298038951311959,1
pitchblack,0.005298038951311959,None
melanize,0.005298038951311959,1
joseph_black,0.005298038951311959,None
black_person,0.005298038951311959,None
nigrify,0.005298038951311959,1
shirley_temple_black,0.005298038951311959,None
pitchdark,0.005298038951311959,None
mordant,0.005298038951311959,1
black,0.005298038951311959,1
negroid,0.005298038951311959,None
total_darkness,0.005298038951311959,1
shirley_temple,0.005298038951311959,None
ignominious,0.005298038951311959,1
pitch_blackness,0.005298038951311959,1
negro,0.005298038951311959,None
opprobrious,0.005298038951311959,1
blackamoor,0.005298038951311959,1
smutty,0.005298038951311959,1
calamitous,0.005298038951311959,1
blackened,0.005298038951311959,1
blacken,0.005298038951311959,1
bootleg,0.005298038951311959,1
inglorious,0.005298038951311959,1
blackmarket,0.005298038951311959,None
lightlessness,0.005298038951311959,1
inkiness,0.005298038951311959,1
turn_back,0.00532696284845694,1
raised,0.005378819467814318,1
speech,0.005387674934015464,1
form,0.005401201512699462,1
could,0.005538964298012692,1
intelligence,0.0055801501268217665,1
dancing,0.005587573847612668,1
talks,0.005587573847612668,1
ground,0.005823461174172108,1
photo,0.005833027027981496,1
brand,0.005885686982575357,1
convention,0.005978218406105464,1
growth,0.005978218406105464,1
come_in,0.005987299676217048,1
rooter,0.006072883558103466,1
winnow,0.006072883558103466,1
sports_fan,0.006072883558103466,1
buff,0.006072883558103466,1
actuate,0.00610076348062388,1
find_out,0.00615978085912355,1
ease,0.006175130231646832,1
series,0.006261782890834129,1
universe,0.006262117805928087,1
beloved,0.006339442398781742,1
protection,0.00636875333262899,1
bear_witness,0.00641752423880855,1
testify,0.0065331110372961725,1
smuggled,0.006584423415926875,1
disgraceful,0.006584423415926875,1
shameful,0.006584423415926875,1
register,0.006628059839989315,1
place,0.00663137419726565,1
pull_down,0.006640340487701949,1
save,0.006643415506793905,1
scrap,0.006759903538462826,1
magazine,0.0067617210011248615,1
dark,0.0067660604041337525,1
depressed,0.00680776256116356,1
dumbfound,0.0068346549282007575,1
bewilder,0.0068346549282007575,1
baffle,0.0068346549282007575,1
flummox,0.0068346549282007575,1
nonplus,0.0068346549282007575,1
gravel,0.0068346549282007575,1
amaze,0.0068346549282007575,1
mystify,0.0068346549282007575,1
vex,0.0068346549282007575,1
stupefy,0.0068346549282007575,1
perplex,0.0068346549282007575,1
fatal,0.006842547182379594,1
depict,0.006909437440603772,1
appendage,0.006956546475870814,1
worry,0.006969008622905211,1
together,0.006971215307386782,1
inside_information,0.006971337154239643,1
tending,0.0070433500837977355,1
round,0.0071125591814717014,1
like,0.007226562020962171,1
stay_fresh,0.0072504731008216465,1
keep_open,0.0072504731008216465,1
hold_open,0.0072504731008216465,1
attention,0.007298793217344483,1
maybe,0.007318067508069393,1
take_away,0.007383003191294348,1
particularly,0.007403866624060153,1
come_along,0.0074829101978579424,1
ever,0.007518666415014636,1
great,0.007524569421690311,1
tactile_property,0.007566787035851568,1
dim,0.007567608017723335,1
engender,0.00762478039046417,1
beget,0.00762478039046417,1
sire,0.00762478039046417,1
bring_forth,0.00762478039046417,1
made,0.0076300110388308135,1
degree,0.007630318551565907,1
withdraw,0.00774657988641997,1
superior_general,0.007782827522114738,1
full_general,0.007782827522114738,1
manakin,0.007806045522687675,1
mannequin,0.007806045522687675,1
mannikin,0.007806045522687675,1
manikin,0.007806045522687675,1
calendar_week,0.007944119915473946,1
workweek,0.007944119915473946,1
hebdomad,0.007944119915473946,1
acquire,0.007967876619836611,1
puzzle,0.00802161952351418,1
leftover,0.008115054389176365,1
look_at,0.008214979728009119,1
wrench,0.008334582510601039,1
doomed,0.008412717813456552,1
mansion,0.008429982841060116,1
low_gear,0.008463153467278032,1
first_gear,0.008463153467278032,1
abut,0.008470149463507638,1
butt_on,0.008470149463507638,1
butt_against,0.008470149463507638,1
speculate,0.008544258200214035,1
routine,0.008593923290201894,1
prospect,0.008606095818210676,1
palpate,0.00866062455913944,1
disastrous,0.00868623881808224,1
firstly,0.008932646815127107,1
get_off,0.008949016695811614,1
democrat,0.008961346250868736,1
tattle,0.008979281276304416,1
public_figure,0.00901908716611419,1
defend,0.009023024883652432,1
exhibit,0.009066032445545815,1
enjoy,0.00908197519254063,1
type,0.009084499324143316,1
added,0.009164660798928847,1
remaining,0.009330038921139254,1
planetary_house,0.009344748457129678,1
star_sign,0.009344748457129678,1
sign_of_the_zodiac,0.009344748457129678,1
news,0.009352923495246955,1
leftfield,0.009432907806154215,1
left_field,0.009432907806154215,1
unexpended,0.009432907806154215,1
lefthand,0.009432907806154215,None
left_over,0.009432907806154215,1
left_wing,0.009432907806154215,1
left_hand,0.009432907806154215,1
normal,0.009455079230646025,1
come_up,0.009591472092458525,1
function,0.00963677911127774,1
number_1,0.009712837796201286,1
first_base,0.009712837796201286,1
number_one,0.009712837796201286,1
firstclass_honours_degree,0.009712837796201286,None
for_the_first_time,0.009712837796201286,1
worldclass,0.009712837796201286,None
initiatory,0.009712837796201286,1
first_off,0.009712837796201286,1
maiden,0.009712837796201286,1
first_of_all,0.009712837796201286,1
interview,0.009979319835976158,1
1st,0.01020834132687203,1
word,0.010330055399427935,1
bathroom,0.010360829314609058,1
contingent,0.010373251482547008,1
bighearted,0.010425478341659437,1
openhanded,0.010425478341659437,1
bountiful,0.010425478341659437,1
freehanded,0.010425478341659437,1
bounteous,0.010425478341659437,1
liberate,0.010451186439860151,1
season,0.010557258592978734,1
which,0.010560142980778146,1
soon,0.01067038907858619,1
wrick,0.010736376977448366,1
change_state,0.010736376977448366,1
call_on,0.010736376977448366,1
plough,0.010736376977448366,1
deform,0.010736376977448366,1
sprain,0.010736376977448366,1
change_by_reversal,0.010736376977448366,1
flex,0.010736376977448366,1
rick,0.010755371293695715,1
meg,0.010787926880665563,1
workforce,0.010818692449073063,1
set,0.010907412707441028,1
sinister,0.011001909750537572,1
manpower,0.011075647336693903,1
work_force,0.011075647336693903,1
finish,0.011191220490880683,1
governor,0.011308190491226035,1
nine,0.011335856011535689,1
exhaust,0.011530009542844985,1
inaugural,0.011642464317578143,1
transfer,0.01165002652237365,1
spot,0.011654908500566205,1
establishment,0.011683052232825775,1
one_thousand_thousand,0.011741724395032798,1
1000000,0.011741724395032798,1
buy,0.011745310923083998,1
quartet,0.011886015617286345,1
had,0.011893482199929419,1
each,0.012019899749398485,1
bewildered,0.012061935966679599,1
passion,0.012063615463259465,1
stoppage,0.012063764008134357,1
likely,0.012105051493705346,1
cancelled,0.012215670023967453,1
semen,0.01230040290598288,1
wed,0.012323122459467917,1
unloose,0.01235540607169812,1
unfreeze,0.01235540607169812,1
unloosen,0.01235540607169812,1
relinquish,0.01235540607169812,1
unblock,0.01235540607169812,1
fan,0.012515059425839394,1
result,0.012542233341177707,1
perhaps,0.012555093049114032,1
confused,0.012699505172560193,1
artillery,0.012699505172560193,1
night,0.012761436911015996,1
cosmos,0.012768430025245326,1
macrocosm,0.012768430025245326,1
earthly_concern,0.012768430025245326,1
worldly_concern,0.012768430025245326,1
earth,0.012768430025245326,1
go_game,0.012802866145421098,1
disco_biscuit,0.012802866145421098,1
hug_drug,0.012802866145421098,1
xtc,0.012802866145421098,None
cristal,0.012802866145421098,1
adam,0.012802866145421098,None
ejaculate,0.012860411013731726,1
populist,0.012861804812234572,1
initiate,0.012947803640500867,1
off,0.01302054097290468,1
verbalise,0.013109670088703819,1
verbalize,0.013109670088703819,1
move_around,0.013122822431650387,1
things,0.013233792895745548,1
mouth,0.01324546970556346,1
foremost,0.013251143763718028,1
book,0.013266304071792263,1
democrat,0.013289725845819585,1
gloomy,0.013318044299997963,1
dispirited,0.013318044299997963,1
downhearted,0.013318044299997963,1
lowspirited,0.013318044299997963,None
down_in_the_mouth,0.013318044299997963,1
handsome,0.013442365672647989,1
speak,0.013458933305060336,1
women,0.013671271994015546,1
iv,0.013731120897370172,1
foursome,0.013731120897370172,1
rest,0.013763791901156576,1
doubt,0.013924138230396978,1
business,0.014014192248964646,1
whether,0.014092840024110015,1
deep_in_thought,0.014215771365146023,1
befuddled,0.014215771365146023,1
bemused,0.014215771365146023,1
at_sea,0.014215771365146023,1
mazed,0.014215771365146023,1
confounded,0.014215771365146023,1
mixedup,0.014215771365146023,None
base,0.014336637714074186,1
tidings,0.014375294034675103,1
check,0.014493820190048714,1
append,0.01460286593866088,1
paul,0.014631586768741928,1
apostle_of_the_gentiles,0.014631586768741928,None
saul,0.014631586768741928,None
apostle_paul,0.014631586768741928,None
saul_of_tarsus,0.014631586768741928,None
paul,0.014631586768741928,1
st_paul,0.014631586768741928,None
saint_paul,0.014631586768741928,None
paul_the_apostle,0.014631586768741928,None
alice_paul,0.014631586768741928,None
reckon,0.014778079292745413,1
he,0.014794224147713189,1
atomic_number_2,0.014794224147713189,1
helium,0.014794224147713189,1
officer,0.014821558130581891,1
downcast,0.014860683915249966,1
process,0.01503381464636152,1
seminal_fluid,0.015237699593086794,1
exactly,0.015263105882609528,1
correct,0.01542978237413757,1
set_forth,0.015462759148791132,1
take_off,0.015462759148791132,1
inside,0.015520316457449744,1
chip,0.015639096080075236,1
little_joe,0.01583400539440096,None
quaternion,0.01583400539440096,1
tetrad,0.01583400539440096,1
quadruplet,0.01583400539440096,1
quatern,0.01583400539440096,1
quaternary,0.01583400539440096,1
iv,0.01583400539440096,1
quaternity,0.01583400539440096,1
nice,0.015872061489634798,1
done,0.015982805433592793,1
cite,0.01604206668642695,1
ecstasy,0.01614226575897139,1
information,0.016240385143462203,1
helpless,0.016244885506481968,1
loss_leader,0.016705750568409748,1
drawing_card,0.016705750568409748,1
sprout,0.016850807770518457,1
blue,0.01686356903443831,1
hitting,0.016874698894311625,1
set_off,0.01690927405944465,1
crack,0.016942897878778965,1
concentrate,0.01697862749158766,1
strain,0.017046740462409015,1
odd,0.017105651369209194,1
develop,0.017275239865988348,1
relationship,0.017307824158360026,1
dearest,0.017594775067426738,1
hold_in,0.01772330375194327,1
intelligent,0.017907568368318895,1
individual,0.018049391599789376,1
paying,0.018223940572729032,1
homo,0.018250883866868496,1
manage,0.018312704419346026,1
news_program,0.01841382898673267,1
news_show,0.01841382898673267,1
newsworthiness,0.01841382898673267,1
trace,0.018426138728063007,1
love_life,0.018431266814470996,1
lovemaking,0.018431266814470996,1
sexual_love,0.018431266814470996,1
making_love,0.018431266814470996,1
erotic_love,0.018431266814470996,1
baffled,0.01848984656217802,1
purpose,0.01858819988484994,1
drop,0.019042250386362442,1
preoccupied,0.019046033243474248,1
curb,0.019046771921380625,1
barely,0.019062754196448376,1
missed,0.01911586420486248,1
assume,0.019218114188428486,1
proceed,0.01924214405882399,1
says,0.019242989234028597,1
television,0.019327819711376506,1
sentiment,0.019355510948600316,1
instagram,0.019381022446315267,1
six,0.019384676398194155,1
operation,0.019631516732546345,1
lupus_erythematosus,0.019715677316707345,1
le,0.019715677316707345,None
to_a_lesser_extent,0.019715677316707345,1
expenditure,0.01983403644805038,1
drive,0.019840114908458547,1
security_measure,0.0200494406210534,1
security_system,0.0200494406210534,1
surety,0.0200494406210534,1
security_measures,0.0200494406210534,1
security_department,0.0200494406210534,1
democrats,0.020198144119203905,1
maintenance,0.020296142638129924,1
suffice,0.02037091690535725,1
vociferation,0.020391995941151528,1
call_option,0.020391995941151528,1
margin_call,0.020391995941151528,1
outcry,0.020391995941151528,1
phone_call,0.020391995941151528,1
telephone_call,0.020391995941151528,1
call,0.020391995941151528,1
initiative,0.020469079420409996,1
lawsuit,0.020506622446743707,1
trade,0.02056461984684787,1
intimately,0.020658481382276456,1
american,0.02087569987441866,1
office,0.020922023987202214,1
carry,0.021008897761108626,1
brain,0.021079607209921247,1
conceive,0.021088434401501415,1
flock,0.02115939172310958,1
raft,0.02115939172310958,1
dispense,0.02115939172310958,1
actually,0.021388622709336932,1
person,0.021430780177446325,1
terror,0.02145307925532111,1
consequence,0.02146797339269927,1
latest,0.02147099830763486,1
right_to_vote,0.02147099830763486,1
voter_turnout,0.02147099830763486,1
suffrage,0.02147099830763486,1
insure,0.02165065282652382,1
to_the_highest_degree,0.021655150711176546,1
undivided,0.02173735852952749,1
hard,0.02183996725878414,1
7,0.021967320233211924,1
celebrate,0.02204657688453078,1
pop,0.02205354431114257,1
father,0.022175416959070538,1
lavatory,0.022257369758010303,1
human,0.022285321334134127,1
detail,0.022737765882547455,1
populate,0.02277877536039071,1
subsist,0.02277877536039071,1
ante_up,0.02305997600418691,1
pay_up,0.02305997600418691,1
young,0.023122520942097928,1
mete_out,0.023435846278703105,1
quite_a_little,0.023435846278703105,1
mickle,0.023435846278703105,1
heap,0.023435846278703105,1
batch,0.023435846278703105,1
passel,0.023435846278703105,1
deal_out,0.023435846278703105,1
parcel_out,0.023435846278703105,1
dole_out,0.023435846278703105,1
great_deal,0.023435846278703105,1
tidy_sum,0.023435846278703105,1
shell_out,0.023435846278703105,1
good_deal,0.023435846278703105,1
hatful,0.023435846278703105,1
spate,0.023435846278703105,1
muckle,0.023435846278703105,1
peck,0.023435846278703105,1
circle,0.02345623354112619,1
outgo,0.023656924087920615,1
outlay,0.023656924087920615,1
disbursal,0.023656924087920615,1
disbursement,0.023656924087920615,1
j,0.023656924087920615,1
hanker,0.023866443471763532,1
yearn,0.023866443471763532,1
increase,0.024017870807901735,1
mint,0.024202847771284362,1
man,0.024374665255333196,1
remove,0.02439523003222342,1
response,0.024560843288510634,1
exposure,0.024596586551834727,1
bash,0.02460985440017838,1
lav,0.02489028106680428,1
below,0.02494378245029207,1
persuasion,0.0249726697130208,1
mountain,0.02497735646991476,1
administer,0.025050518573820183,1
stack,0.025050518573820183,1
globe,0.025109725106386212,1
kinsperson,0.025194667367843527,1
family_unit,0.025194667367843527,1
crime_syndicate,0.025194667367843527,1
syndicate,0.025194667367843527,1
kin,0.025194667367843527,1
disoriented,0.025209590941185394,1
range,0.02543220500534927,1
known,0.025445425633862734,1
item,0.025448357916479696,1
inhabit,0.025502590377343953,1
chronicle,0.025538333270961732,1
eccentric,0.02568013122984139,1
moment,0.025776767066799596,1
keep_down,0.025930571234156947,1
enumerate,0.025930571234156947,1
numerate,0.025930571234156947,1
phone_number,0.025930571234156947,1
identification_number,0.025930571234156947,1
numeral,0.025930571234156947,1
telephone_number,0.025930571234156947,1
sometimes,0.02595029733274601,1
central,0.026005042821524674,1
precisely,0.026414454910765384,1
meter,0.026436444175712708,1
interpreted,0.026553136514158672,1
sevener,0.026712401991331076,1
heptad,0.026712401991331076,1
vii,0.026712401991331076,1
septenary,0.026712401991331076,1
septet,0.026712401991331076,1
distribute,0.026752241793347946,1
major,0.026822099118430778,1
buckeye_state,0.026822287095022712,None
oh,0.026822287095022712,None
ohio,0.026822287095022712,None
wad,0.027051442935957872,1
hail,0.027159883058043007,1
grow,0.02732036724921445,1
leaders,0.02742771027084292,1
transmit,0.027925975042430475,1
figure,0.02857875279440589,1
board,0.02877222626400085,1
domiciliate,0.028787553806930287,1
business_firm,0.028787553806930287,1
high,0.02889703683978154,1
decline,0.02905200256099458,1
within,0.029199468959168553,1
metre,0.029220281447571765,1
policeman,0.029336841575191418,1
line,0.029630506780367945,1
your,0.02969409092921163,1
others,0.029822976820838377,1
hardly,0.02982544561582424,1
adjust,0.029948301193144906,1
striking,0.030261670608219746,1
beam,0.030454849278653332,1
calling,0.030521849925450373,1
descend,0.030594508442469404,1
derive,0.030594508442469404,1
issue_forth,0.030594508442469404,1
cutting,0.03105737054332249,1
horizon,0.03105737054332249,1
authoritative,0.03105737054332249,1
plenty,0.031315511113182384,1
patronage,0.031381541953346054,1
execute,0.03176222415489009,1
toilet,0.032600615011369516,1
rise,0.032716712189060124,1
in_reality,0.032840638045179636,1
head,0.033048529949903385,1
caution,0.03341589457736331,1
bring_up,0.03356625142913063,1
view,0.03366517070064637,1
facial_expression,0.03383246500492222,1
scarcely,0.03384762808658254,1
just_now,0.03384762808658254,1
retain,0.03384915540502744,1
material,0.03404601113814074,1
military_officer,0.03406150549925184,1
ships_officer,0.03406150549925184,None
officeholder,0.03406150549925184,1
police_officer,0.03406150549925184,1
used,0.03413518070833525,1
certificate,0.03415238032099136,1
world,0.034268074689378744,1
probably,0.034540027490240904,1
come_to,0.034564745821115184,1
smasher,0.034564745821115184,1
impinge_on,0.034564745821115184,1
collide_with,0.034564745821115184,1
american,0.03465522458274655,1
american_language,0.03465522458274655,None
american_english,0.03465522458274655,None
indeed,0.03478415221379583,1
poor,0.03496553708715144,1
effect,0.03508989879154538,1
figure_of_speech,0.03511538308140719,1
slip,0.03547119722521175,1
go_through,0.035729051333264754,1
mogul,0.035839986001744685,1
30,0.03590358391429763,1
scarce,0.03627976928862382,1
equitable,0.03627976928862382,1
award,0.03655146893497515,1
mitt,0.03670785196078368,1
position,0.03683951197566709,1
category,0.03700673670433599,1
of_import,0.03706036499155639,1
continue,0.03744119411076759,1
causa,0.03760985825628334,1
its,0.03840648682205491,1
career,0.03842126316053799,1
organisation,0.03842126316053799,1
melody,0.03844293689511218,1
direction,0.03846891857644595,1
allow_for,0.0385242429139269,1
perchance,0.0385421156432411,1
peradventure,0.0385421156432411,1
mayhap,0.0385421156432411,1
diminished,0.03859530132510783,1
honey,0.03893047821737911,1
space,0.039891577805757604,1
populace,0.039965758304044405,1
mess,0.04000559035255472,1
red,0.04001262813508762,1
intellect,0.04001326701981135,1
to_the_full,0.040176876133833445,1
full_moon,0.040176876133833445,1
full_phase_of_the_moon,0.040176876133833445,1
fullofthemoon,0.040176876133833445,None
widecut,0.040176876133833445,None
trope,0.04040019876347238,1
theater,0.04048686957678788,1
car,0.04056558165902222,1
meet,0.04066166028280141,1
pay,0.040684418430407224,1
render,0.040726616063649794,1
wellness,0.04097059996315698,1
answer,0.04122874418308097,1
representative,0.04123100273484695,1
beautiful,0.041324155413729705,1
comply,0.04158307691721812,1
decade,0.041673555563695605,1
improve,0.041673555563695605,1
situation,0.041742251154201784,1
ut,0.04205289098626631,1
do,0.04205289098626631,1
brawl,0.04205289098626631,1
doctor_of_osteopathy,0.04205289098626631,None
doh,0.04205289098626631,1
butt,0.04215442044402144,1
compensate,0.04229769271119426,1
diagnose,0.04230072864055816,1
having,0.042596470186542716,1
cut_down,0.04299651422152957,1
holding,0.04306786812954919,1
issue,0.043255277489882005,1
hale,0.04347183460826003,1
camber,0.04369605761927332,1
talk,0.043777376904933246,1
theatre,0.04400533000947905,1
purview,0.04409086178932554,1
eyeshot,0.04409086178932554,1
finis,0.04420650064698057,1
stopping_point,0.04420650064698057,1
forethought,0.04430978910372864,1
give_care,0.04430978910372864,1
upkeep,0.04430978910372864,1
collision,0.04432837451177922,1
love,0.04449841745116833,1
chat,0.044536198254552656,1
fighting,0.044536198254552656,1
finale,0.04472487984868675,1
flat,0.045443228151688116,1
list,0.045633500289048785,1
sent,0.045682712249719176,1
politics,0.045931699365057053,1
america,0.04604258605657909,1
petty,0.04611213412291728,1
reserve,0.046344126125429395,1
intercourse,0.046894189368651806,1
perform,0.04713244002828259,1
caboodle,0.04743183984105889,1
lot,0.04743183984105889,1
tight,0.04755412362878114,1
melodic_line,0.048016176411447564,1
melodic_phrase,0.048016176411447564,1
ensure,0.04815909070744431,1
public,0.04822122399256425,1
wax,0.0484866200742369,1
litigate,0.0484866200742369,1
brown,0.0484866200742369,1
wagerer,0.048522644648546574,1
ameliorate,0.048522644648546574,1
meliorate,0.048522644648546574,1
bettor,0.048522644648546574,1
get_down,0.04868744105412336,1
smooth,0.04904598581163847,1
seth,0.04912365316438261,None
set,0.04912365316438261,1
identify,0.04912446156108253,1
school_principal,0.049143808436220265,1
head_teacher,0.049143808436220265,1
wherefore,0.049188874339587504,1
count,0.04919550651935654,1
accuracy,0.0493800476450714,1
proud,0.049384648758812245,1
ill,0.049384648758812245,1
former,0.04967633319840777,1
practise,0.04977493230943173,1
college,0.049802853225324656,1
involvement,0.049879598444448205,1
